SET foreign_key_checks = 0;
TRUNCATE TABLE commercials;
TRUNCATE TABLE targets;
TRUNCATE TABLE target_conditions;
SET foreign_key_checks = 1;

INSERT INTO commercials (id, amount, date_start, date_end, offer_id, media_source, event_type, type) VALUES (1, 8, '2016-01-01', '2017-01-01', 'com.pacificinteractive.HouseOfFun', 'adcolony_int', 'INSTALL', 'PAYOUT');
INSERT INTO targets (id, commercial_id, is_active) VALUES (1, 1, true);
INSERT INTO target_conditions (operator, field_name, field_value, is_inverse, target_id) VALUES ('EQUALS', 'campaign_name', 'T1A', false, 1);
INSERT INTO commercials (id, amount, date_start, date_end, offer_id, media_source, event_type, type) VALUES (2, 1.5, '2016-01-01', '2017-01-01', 'com.pacificinteractive.HouseOfFun', 'adcolony_int', 'INSTALL', 'PAYOUT');
INSERT INTO targets (id, commercial_id, is_active) VALUES (2, 2, true);
INSERT INTO target_conditions (operator, field_name, field_value, is_inverse, target_id) VALUES ('EQUALS', 'campaign_name', 'T2', false, 2);
INSERT INTO commercials (id, amount, date_start, date_end, offer_id, media_source, event_type, type) VALUES (3, 1.5, '2016-01-01', '2017-01-01', 'com.pacificinteractive.HouseOfFun', 'adcolony_int', 'INSTALL', 'PAYOUT');
INSERT INTO targets (id, commercial_id, is_active) VALUES (3, 3, true);
INSERT INTO target_conditions (operator, field_name, field_value, is_inverse, target_id) VALUES ('EQUALS', 'campaign_name', 'T3', false, 3);
INSERT INTO commercials (id, amount, date_start, date_end, offer_id, media_source, event_type, type) VALUES (4, 5, '2016-01-01', '2017-01-01', 'com.pacificinteractive.HouseOfFun', 'adcolony_int', 'INSTALL', 'PAYOUT');
INSERT INTO targets (id, commercial_id, is_active) VALUES (4, 4, true);
INSERT INTO target_conditions (operator, field_name, field_value, is_inverse, target_id) VALUES ('EQUALS', 'campaign_name', 'T1 – US, CA', false, 4);
INSERT INTO commercials (id, amount, date_start, date_end, offer_id, media_source, event_type, type) VALUES (5, 8, '2016-01-01', '2017-01-01', 'com.pacificinteractive.HouseOfFun', 'adcolony_int', 'INSTALL', 'PAYOUT');
INSERT INTO targets (id, commercial_id, is_active) VALUES (5, 5, true);
INSERT INTO target_conditions (operator, field_name, field_value, is_inverse, target_id) VALUES ('EQUALS', 'campaign_name', 'Adcolony_T1A_CPI_Android', false, 5);
INSERT INTO commercials (id, amount, date_start, date_end, offer_id, media_source, event_type, type) VALUES (6, 5, '2016-01-01', '2017-01-01', 'com.pacificinteractive.HouseOfFun', 'adcolony_int', 'INSTALL', 'PAYOUT');
INSERT INTO targets (id, commercial_id, is_active) VALUES (6, 6, true);
INSERT INTO target_conditions (operator, field_name, field_value, is_inverse, target_id) VALUES ('EQUALS', 'campaign_name', 'Adcolony_T1_CPI_Android', false, 6);
INSERT INTO commercials (id, amount, date_start, date_end, offer_id, media_source, event_type, type) VALUES (7, 1.5, '2016-01-01', '2017-01-01', 'com.pacificinteractive.HouseOfFun', 'adcolony_int', 'INSTALL', 'PAYOUT');
INSERT INTO targets (id, commercial_id, is_active) VALUES (7, 7, true);
INSERT INTO target_conditions (operator, field_name, field_value, is_inverse, target_id) VALUES ('EQUALS', 'campaign_name', 'Adcolony_T2_CPI_Android', false, 7);
INSERT INTO commercials (id, amount, date_start, date_end, offer_id, media_source, event_type, type) VALUES (8, 1.5, '2016-01-01', '2017-01-01', 'com.pacificinteractive.HouseOfFun', 'adcolony_int', 'INSTALL', 'PAYOUT');
INSERT INTO targets (id, commercial_id, is_active) VALUES (8, 8, true);
INSERT INTO target_conditions (operator, field_name, field_value, is_inverse, target_id) VALUES ('EQUALS', 'campaign_name', 'DE, FR', false, 8);
INSERT INTO commercials (id, amount, date_start, date_end, offer_id, media_source, event_type, type) VALUES (9, 1.5, '2016-01-01', '2017-01-01', 'com.pacificinteractive.HouseOfFun', 'adcolony_int', 'INSTALL', 'PAYOUT');
INSERT INTO targets (id, commercial_id, is_active) VALUES (9, 9, true);
INSERT INTO target_conditions (operator, field_name, field_value, is_inverse, target_id) VALUES ('EQUALS', 'campaign_name', 'RU, ZA', false, 9);
INSERT INTO commercials (id, amount, date_start, date_end, offer_id, media_source, event_type, type) VALUES (10, 5, '2016-01-01', '2017-01-01', 'com.pacificinteractive.HouseOfFun', 'adcolony_int', 'INSTALL', 'PAYOUT');
INSERT INTO targets (id, commercial_id, is_active) VALUES (10, 10, true);
INSERT INTO target_conditions (operator, field_name, field_value, is_inverse, target_id) VALUES ('EQUALS', 'campaign_name', 'T1 %E2%80%93 US%2C CA', false, 10);
INSERT INTO commercials (id, amount, date_start, date_end, offer_id, media_source, event_type, type) VALUES (11, 5, '2016-01-01', '2017-01-01', 'com.pacificinteractive.HouseOfFun', 'adcolony_int', 'INSTALL', 'PAYOUT');
INSERT INTO targets (id, commercial_id, is_active) VALUES (11, 11, true);
INSERT INTO target_conditions (operator, field_name, field_value, is_inverse, target_id) VALUES ('EQUALS', 'campaign_name', 'T1 – US, CA', false, 11);
INSERT INTO commercials (id, amount, date_start, date_end, offer_id, media_source, event_type, type) VALUES (12, 5, '2016-01-01', '2017-01-01', 'com.pacificinteractive.HouseOfFun', 'adcolony_int', 'INSTALL', 'PAYOUT');
INSERT INTO targets (id, commercial_id, is_active) VALUES (12, 12, true);
INSERT INTO target_conditions (operator, field_name, field_value, is_inverse, target_id) VALUES ('EQUALS', 'campaign_name', 'T1 – US, CH, JP, CA', false, 12);
INSERT INTO commercials (id, amount, date_start, date_end, offer_id, media_source, event_type, type) VALUES (13, 4.5, '2016-01-01', '2017-01-01', 'id586634331', 'adcolony_int', 'INSTALL', 'PAYOUT');
INSERT INTO targets (id, commercial_id, is_active) VALUES (13, 13, true);
INSERT INTO target_conditions (operator, field_name, field_value, is_inverse, target_id) VALUES ('EQUALS', 'campaign_name', 'T2 – FR, JP, NZ, CA', false, 13);
INSERT INTO commercials (id, amount, date_start, date_end, offer_id, media_source, event_type, type) VALUES (14, 12, '2016-01-01', '2017-01-01', 'id586634331', 'adcolony_int', 'INSTALL', 'PAYOUT');
INSERT INTO targets (id, commercial_id, is_active) VALUES (14, 14, true);
INSERT INTO target_conditions (operator, field_name, field_value, is_inverse, target_id) VALUES ('EQUALS', 'campaign_name', 'T1 - AU', false, 14);
INSERT INTO commercials (id, amount, date_start, date_end, offer_id, media_source, event_type, type) VALUES (15, 10, '2016-01-01', '2017-01-01', 'id586634331', 'adcolony_int', 'INSTALL', 'PAYOUT');
INSERT INTO targets (id, commercial_id, is_active) VALUES (15, 15, true);
INSERT INTO target_conditions (operator, field_name, field_value, is_inverse, target_id) VALUES ('EQUALS', 'campaign_name', 'T1 - US', false, 15);
INSERT INTO commercials (id, amount, date_start, date_end, offer_id, media_source, event_type, type) VALUES (16, 2.5, '2016-01-01', '2017-01-01', 'id586634331', 'adcolony_int', 'INSTALL', 'PAYOUT');
INSERT INTO targets (id, commercial_id, is_active) VALUES (16, 16, true);
INSERT INTO target_conditions (operator, field_name, field_value, is_inverse, target_id) VALUES ('EQUALS', 'campaign_name', 'T3 - MX, RU, PL, SK, TW, ZA, SG, CH', false, 16);
INSERT INTO commercials (id, amount, date_start, date_end, offer_id, media_source, event_type, type) VALUES (17, 8, '2016-01-01', '2017-01-01', 'id586634331', 'adcolony_int', 'INSTALL', 'PAYOUT');
INSERT INTO targets (id, commercial_id, is_active) VALUES (17, 17, true);
INSERT INTO target_conditions (operator, field_name, field_value, is_inverse, target_id) VALUES ('EQUALS', 'campaign_name', 'Adcolony_T1A_CPI_iOS', false, 17);
INSERT INTO commercials (id, amount, date_start, date_end, offer_id, media_source, event_type, type) VALUES (18, 5, '2016-01-01', '2017-01-01', 'id586634331', 'adcolony_int', 'INSTALL', 'PAYOUT');
INSERT INTO targets (id, commercial_id, is_active) VALUES (18, 18, true);
INSERT INTO target_conditions (operator, field_name, field_value, is_inverse, target_id) VALUES ('EQUALS', 'campaign_name', 'Adcolony_T1_CPI_iOS', false, 18);
INSERT INTO commercials (id, amount, date_start, date_end, offer_id, media_source, event_type, type) VALUES (19, 1.5, '2016-01-01', '2017-01-01', 'id586634331', 'adcolony_int', 'INSTALL', 'PAYOUT');
INSERT INTO targets (id, commercial_id, is_active) VALUES (19, 19, true);
INSERT INTO target_conditions (operator, field_name, field_value, is_inverse, target_id) VALUES ('EQUALS', 'campaign_name', 'Adcolony_T2_CPI_iOS', false, 19);
INSERT INTO commercials (id, amount, date_start, date_end, offer_id, media_source, event_type, type) VALUES (20, 5, '2016-01-01', '2017-01-01', 'id586634331', 'adcolony_int', 'INSTALL', 'PAYOUT');
INSERT INTO targets (id, commercial_id, is_active) VALUES (20, 20, true);
INSERT INTO target_conditions (operator, field_name, field_value, is_inverse, target_id) VALUES ('EQUALS', 'campaign_name', 'US_AU_NZ_CA_iPad_iPhone', false, 20);
INSERT INTO commercials (id, amount, date_start, date_end, offer_id, media_source, event_type, type) VALUES (21, 4.5, '2016-01-01', '2017-01-01', 'com.pacificinteractive.HouseOfFun', 'vungle_int', 'INSTALL', 'PAYOUT');
INSERT INTO targets (id, commercial_id, is_active) VALUES (21, 21, true);
INSERT INTO target_conditions (operator, field_name, field_value, is_inverse, target_id) VALUES ('EQUALS', 'campaign_name', 'PUSH House of Fun Android US', false, 21);
INSERT INTO commercials (id, amount, date_start, date_end, offer_id, media_source, event_type, type) VALUES (22, 4, '2016-01-01', '2017-01-01', 'com.pacificinteractive.HouseOfFun', 'vungle_int', 'INSTALL', 'PAYOUT');
INSERT INTO targets (id, commercial_id, is_active) VALUES (22, 22, true);
INSERT INTO target_conditions (operator, field_name, field_value, is_inverse, target_id) VALUES ('EQUALS', 'campaign_name', 'House of Fun Android T1', false, 22);
INSERT INTO commercials (id, amount, date_start, date_end, offer_id, media_source, event_type, type) VALUES (23, 8, '2016-01-01', '2017-01-01', 'com.pacificinteractive.HouseOfFun', 'vungle_int', 'INSTALL', 'PAYOUT');
INSERT INTO targets (id, commercial_id, is_active) VALUES (23, 23, true);
INSERT INTO target_conditions (operator, field_name, field_value, is_inverse, target_id) VALUES ('EQUALS', 'campaign_name', 'PUSH 2 House of Fun Android US [PIE]', false, 23);
INSERT INTO commercials (id, amount, date_start, date_end, offer_id, media_source, event_type, type) VALUES (24, 4, '2016-01-01', '2017-01-01', 'com.pacificinteractive.HouseOfFun', 'vungle_int', 'INSTALL', 'PAYOUT');
INSERT INTO targets (id, commercial_id, is_active) VALUES (24, 24, true);
INSERT INTO target_conditions (operator, field_name, field_value, is_inverse, target_id) VALUES ('EQUALS', 'campaign_name', 'HOF_Vungle_T1_Android_PUSH', false, 24);
INSERT INTO commercials (id, amount, date_start, date_end, offer_id, media_source, event_type, type) VALUES (25, 7, '2016-01-01', '2017-01-01', 'com.pacificinteractive.HouseOfFun', 'vungle_int', 'INSTALL', 'PAYOUT');
INSERT INTO targets (id, commercial_id, is_active) VALUES (25, 25, true);
INSERT INTO target_conditions (operator, field_name, field_value, is_inverse, target_id) VALUES ('EQUALS', 'campaign_name', 'HOF_Vungle_T1_Android_AndroidSolitaire_PMP', false, 25);
INSERT INTO commercials (id, amount, date_start, date_end, offer_id, media_source, event_type, type) VALUES (26, 7, '2016-01-01', '2017-01-01', 'com.pacificinteractive.HouseOfFun', 'vungle_int', 'INSTALL', 'PAYOUT');
INSERT INTO targets (id, commercial_id, is_active) VALUES (26, 26, true);
INSERT INTO target_conditions (operator, field_name, field_value, is_inverse, target_id) VALUES ('EQUALS', 'campaign_name', 'HOF_Vungle_T1_Android_SolitaireTripeaks_PMP', false, 26);
INSERT INTO commercials (id, amount, date_start, date_end, offer_id, media_source, event_type, type) VALUES (27, 5, '2016-01-01', '2017-01-01', 'com.pacificinteractive.HouseOfFun', 'vungle_int', 'INSTALL', 'PAYOUT');
INSERT INTO targets (id, commercial_id, is_active) VALUES (27, 27, true);
INSERT INTO target_conditions (operator, field_name, field_value, is_inverse, target_id) VALUES ('EQUALS', 'campaign_name', 'House of Fun Android JP', false, 27);
INSERT INTO commercials (id, amount, date_start, date_end, offer_id, media_source, event_type, type) VALUES (28, 6, '2016-01-01', '2017-01-01', 'com.pacificinteractive.HouseOfFun', 'vungle_int', 'INSTALL', 'PAYOUT');
INSERT INTO targets (id, commercial_id, is_active) VALUES (28, 28, true);
INSERT INTO target_conditions (operator, field_name, field_value, is_inverse, target_id) VALUES ('EQUALS', 'campaign_name', 'HOF_Vungle_T1_iOS_GSNCasino _PMP', false, 28);
INSERT INTO commercials (id, amount, date_start, date_end, offer_id, media_source, event_type, type) VALUES (29, 1.5, '2016-01-01', '2017-01-01', 'com.pacificinteractive.HouseOfFun', 'vungle_int', 'INSTALL', 'PAYOUT');
INSERT INTO targets (id, commercial_id, is_active) VALUES (29, 29, true);
INSERT INTO target_conditions (operator, field_name, field_value, is_inverse, target_id) VALUES ('EQUALS', 'campaign_name', 'HOF_Vungle_T3_Android_RON', false, 29);
INSERT INTO commercials (id, amount, date_start, date_end, offer_id, media_source, event_type, type) VALUES (30, 4, '2016-01-01', '2017-01-01', 'com.pacificinteractive.HouseOfFun', 'vungle_int', 'INSTALL', 'PAYOUT');
INSERT INTO targets (id, commercial_id, is_active) VALUES (30, 30, true);
INSERT INTO target_conditions (operator, field_name, field_value, is_inverse, target_id) VALUES ('EQUALS', 'campaign_name', 'HOF_Vungle_T1_Android_RON', false, 30);
INSERT INTO commercials (id, amount, date_start, date_end, offer_id, media_source, event_type, type) VALUES (31, 8, '2016-01-01', '2017-01-01', 'com.pacificinteractive.HouseOfFun', 'vungle_int', 'INSTALL', 'PAYOUT');
INSERT INTO targets (id, commercial_id, is_active) VALUES (31, 31, true);
INSERT INTO target_conditions (operator, field_name, field_value, is_inverse, target_id) VALUES ('EQUALS', 'campaign_name', 'HOF_Vungle_T1_Android_FortuneWheelSlots_PMP', false, 31);
INSERT INTO commercials (id, amount, date_start, date_end, offer_id, media_source, event_type, type) VALUES (32, 9, '2016-01-01', '2017-01-01', 'com.pacificinteractive.HouseOfFun', 'vungle_int', 'INSTALL', 'PAYOUT');
INSERT INTO targets (id, commercial_id, is_active) VALUES (32, 32, true);
INSERT INTO target_conditions (operator, field_name, field_value, is_inverse, target_id) VALUES ('EQUALS', 'campaign_name', 'HOF_Vungle_T1_Android_XtremeSlots_PMP', false, 32);
INSERT INTO commercials (id, amount, date_start, date_end, offer_id, media_source, event_type, type) VALUES (33, 7, '2016-01-01', '2017-01-01', 'com.pacificinteractive.HouseOfFun', 'vungle_int', 'INSTALL', 'PAYOUT');
INSERT INTO targets (id, commercial_id, is_active) VALUES (33, 33, true);
INSERT INTO target_conditions (operator, field_name, field_value, is_inverse, target_id) VALUES ('EQUALS', 'campaign_name', 'HOF_Vungle_T1_Android_JourneyofMagic_PMP', false, 33);
INSERT INTO commercials (id, amount, date_start, date_end, offer_id, media_source, event_type, type) VALUES (34, 8, '2016-01-01', '2017-01-01', 'com.pacificinteractive.HouseOfFun', 'vungle_int', 'INSTALL', 'PAYOUT');
INSERT INTO targets (id, commercial_id, is_active) VALUES (34, 34, true);
INSERT INTO target_conditions (operator, field_name, field_value, is_inverse, target_id) VALUES ('EQUALS', 'campaign_name', 'PUSH House of Fun Android AU', false, 34);
INSERT INTO commercials (id, amount, date_start, date_end, offer_id, media_source, event_type, type) VALUES (35, 6, '2016-01-01', '2017-01-01', 'com.pacificinteractive.HouseOfFun', 'vungle_int', 'INSTALL', 'PAYOUT');
INSERT INTO targets (id, commercial_id, is_active) VALUES (35, 35, true);
INSERT INTO target_conditions (operator, field_name, field_value, is_inverse, target_id) VALUES ('EQUALS', 'campaign_name', 'PUSH 1 House of Fun Android US [PIE]', false, 35);
INSERT INTO commercials (id, amount, date_start, date_end, offer_id, media_source, event_type, type) VALUES (36, 7, '2016-01-01', '2017-01-01', 'com.pacificinteractive.HouseOfFun', 'vungle_int', 'INSTALL', 'PAYOUT');
INSERT INTO targets (id, commercial_id, is_active) VALUES (36, 36, true);
INSERT INTO target_conditions (operator, field_name, field_value, is_inverse, target_id) VALUES ('EQUALS', 'campaign_name', 'HOF_Vungle_T1_Android_Crystal7s_PMP', false, 36);
INSERT INTO commercials (id, amount, date_start, date_end, offer_id, media_source, event_type, type) VALUES (37, 7, '2016-01-01', '2017-01-01', 'com.pacificinteractive.HouseOfFun', 'vungle_int', 'INSTALL', 'PAYOUT');
INSERT INTO targets (id, commercial_id, is_active) VALUES (37, 37, true);
INSERT INTO target_conditions (operator, field_name, field_value, is_inverse, target_id) VALUES ('EQUALS', 'campaign_name', 'House of Fun Android AU', false, 37);
INSERT INTO commercials (id, amount, date_start, date_end, offer_id, media_source, event_type, type) VALUES (38, 6, '2016-01-01', '2017-01-01', 'com.pacificinteractive.HouseOfFun', 'vungle_int', 'INSTALL', 'PAYOUT');
INSERT INTO targets (id, commercial_id, is_active) VALUES (38, 38, true);
INSERT INTO target_conditions (operator, field_name, field_value, is_inverse, target_id) VALUES ('EQUALS', 'campaign_name', 'HOF_Vungle_T1_Android_PUSH', false, 38);
INSERT INTO commercials (id, amount, date_start, date_end, offer_id, media_source, event_type, type) VALUES (39, 6, '2016-01-01', '2017-01-01', 'com.pacificinteractive.HouseOfFun', 'vungle_int', 'INSTALL', 'PAYOUT');
INSERT INTO targets (id, commercial_id, is_active) VALUES (39, 39, true);
INSERT INTO target_conditions (operator, field_name, field_value, is_inverse, target_id) VALUES ('EQUALS', 'campaign_name', 'HOF_Vungle_T1_Android_GSNCasino_PMP', false, 39);
INSERT INTO commercials (id, amount, date_start, date_end, offer_id, media_source, event_type, type) VALUES (40, 6, '2016-01-01', '2017-01-01', 'com.pacificinteractive.HouseOfFun', 'vungle_int', 'INSTALL', 'PAYOUT');
INSERT INTO targets (id, commercial_id, is_active) VALUES (40, 40, true);
INSERT INTO target_conditions (operator, field_name, field_value, is_inverse, target_id) VALUES ('EQUALS', 'campaign_name', 'PUSH Android Solitaire - House of Fun US', false, 40);
INSERT INTO commercials (id, amount, date_start, date_end, offer_id, media_source, event_type, type) VALUES (41, 4, '2016-01-01', '2017-01-01', 'com.pacificinteractive.HouseOfFun', 'vungle_int', 'INSTALL', 'PAYOUT');
INSERT INTO targets (id, commercial_id, is_active) VALUES (41, 41, true);
INSERT INTO target_conditions (operator, field_name, field_value, is_inverse, target_id) VALUES ('EQUALS', 'campaign_name', 'House of Fun Android CA', false, 41);
INSERT INTO commercials (id, amount, date_start, date_end, offer_id, media_source, event_type, type) VALUES (42, 5, '2016-01-01', '2017-01-01', 'com.pacificinteractive.HouseOfFun', 'vungle_int', 'INSTALL', 'PAYOUT');
INSERT INTO targets (id, commercial_id, is_active) VALUES (42, 42, true);
INSERT INTO target_conditions (operator, field_name, field_value, is_inverse, target_id) VALUES ('EQUALS', 'campaign_name', 'PMP - GSN Casino - House of Fun - Android - T1', false, 42);
INSERT INTO commercials (id, amount, date_start, date_end, offer_id, media_source, event_type, type) VALUES (43, 5, '2016-01-01', '2017-01-01', 'com.pacificinteractive.HouseOfFun', 'vungle_int', 'INSTALL', 'PAYOUT');
INSERT INTO targets (id, commercial_id, is_active) VALUES (43, 43, true);
INSERT INTO target_conditions (operator, field_name, field_value, is_inverse, target_id) VALUES ('EQUALS', 'campaign_name', 'PMP - Solitaire Tripeaks - House of Fun - Android - US', false, 43);
INSERT INTO commercials (id, amount, date_start, date_end, offer_id, media_source, event_type, type) VALUES (44, 6, '2016-01-01', '2017-01-01', 'com.pacificinteractive.HouseOfFun', 'vungle_int', 'INSTALL', 'PAYOUT');
INSERT INTO targets (id, commercial_id, is_active) VALUES (44, 44, true);
INSERT INTO target_conditions (operator, field_name, field_value, is_inverse, target_id) VALUES ('EQUALS', 'campaign_name', 'PMP - Deal or No Deal - House of Fun - Android - AU', false, 44);
INSERT INTO commercials (id, amount, date_start, date_end, offer_id, media_source, event_type, type) VALUES (45, 7, '2016-01-01', '2017-01-01', 'com.pacificinteractive.HouseOfFun', 'vungle_int', 'INSTALL', 'PAYOUT');
INSERT INTO targets (id, commercial_id, is_active) VALUES (45, 45, true);
INSERT INTO target_conditions (operator, field_name, field_value, is_inverse, target_id) VALUES ('EQUALS', 'campaign_name', 'HOF_Vungle_T1_Android_AndroidSolitaire_PMP', false, 45);
INSERT INTO commercials (id, amount, date_start, date_end, offer_id, media_source, event_type, type) VALUES (46, 5, '2016-01-01', '2017-01-01', 'com.pacificinteractive.HouseOfFun', 'vungle_int', 'INSTALL', 'PAYOUT');
INSERT INTO targets (id, commercial_id, is_active) VALUES (46, 46, true);
INSERT INTO target_conditions (operator, field_name, field_value, is_inverse, target_id) VALUES ('EQUALS', 'campaign_name', 'PMP -Deal or No Deal - House of Fun - Android - US', false, 46);
INSERT INTO commercials (id, amount, date_start, date_end, offer_id, media_source, event_type, type) VALUES (47, 5, '2016-01-01', '2017-01-01', 'com.pacificinteractive.HouseOfFun', 'vungle_int', 'INSTALL', 'PAYOUT');
INSERT INTO targets (id, commercial_id, is_active) VALUES (47, 47, true);
INSERT INTO target_conditions (operator, field_name, field_value, is_inverse, target_id) VALUES ('EQUALS', 'campaign_name', 'PUSH House of Fun Android US', false, 47);
INSERT INTO commercials (id, amount, date_start, date_end, offer_id, media_source, event_type, type) VALUES (48, 10, '2016-01-01', '2017-01-01', 'com.pacificinteractive.HouseOfFun', 'vungle_int', 'INSTALL', 'PAYOUT');
INSERT INTO targets (id, commercial_id, is_active) VALUES (48, 48, true);
INSERT INTO target_conditions (operator, field_name, field_value, is_inverse, target_id) VALUES ('EQUALS', 'campaign_name', 'PMP - Family Farm Seaside - House of Fun - Android - T1', false, 48);
INSERT INTO commercials (id, amount, date_start, date_end, offer_id, media_source, event_type, type) VALUES (49, 12.5, '2016-01-01', '2017-01-01', 'id586634331', 'vungle_int', 'INSTALL', 'PAYOUT');
INSERT INTO targets (id, commercial_id, is_active) VALUES (49, 49, true);
INSERT INTO target_conditions (operator, field_name, field_value, is_inverse, target_id) VALUES ('EQUALS', 'campaign_name', 'HOF_Vungle_T1_iOS_iOSSolitaire_PMP', false, 49);
INSERT INTO commercials (id, amount, date_start, date_end, offer_id, media_source, event_type, type) VALUES (50, 9, '2016-01-01', '2017-01-01', 'id586634331', 'vungle_int', 'INSTALL', 'PAYOUT');
INSERT INTO targets (id, commercial_id, is_active) VALUES (50, 50, true);
INSERT INTO target_conditions (operator, field_name, field_value, is_inverse, target_id) VALUES ('EQUALS', 'campaign_name', 'HOF_Vungle_T1_iOS_PUSH', false, 50);
INSERT INTO commercials (id, amount, date_start, date_end, offer_id, media_source, event_type, type) VALUES (51, 12.5, '2016-01-01', '2017-01-01', 'id586634331', 'vungle_int', 'INSTALL', 'PAYOUT');
INSERT INTO targets (id, commercial_id, is_active) VALUES (51, 51, true);
INSERT INTO target_conditions (operator, field_name, field_value, is_inverse, target_id) VALUES ('EQUALS', 'campaign_name', 'PMP - iOS Solitaire - House of Fun - iOS - T1', false, 51);
INSERT INTO commercials (id, amount, date_start, date_end, offer_id, media_source, event_type, type) VALUES (52, 13, '2016-01-01', '2017-01-01', 'id586634331', 'vungle_int', 'INSTALL', 'PAYOUT');
INSERT INTO targets (id, commercial_id, is_active) VALUES (52, 52, true);
INSERT INTO target_conditions (operator, field_name, field_value, is_inverse, target_id) VALUES ('EQUALS', 'campaign_name', 'PMP - Solitaire Tripeaks - House of Fun - iPhone - T1', false, 52);
INSERT INTO commercials (id, amount, date_start, date_end, offer_id, media_source, event_type, type) VALUES (53, 7, '2016-01-01', '2017-01-01', 'id586634331', 'vungle_int', 'INSTALL', 'PAYOUT');
INSERT INTO targets (id, commercial_id, is_active) VALUES (53, 53, true);
INSERT INTO target_conditions (operator, field_name, field_value, is_inverse, target_id) VALUES ('EQUALS', 'campaign_name', 'House of Fun iPhone CA', false, 53);
INSERT INTO commercials (id, amount, date_start, date_end, offer_id, media_source, event_type, type) VALUES (54, 4.5, '2016-01-01', '2017-01-01', 'id586634331', 'vungle_int', 'INSTALL', 'PAYOUT');
INSERT INTO targets (id, commercial_id, is_active) VALUES (54, 54, true);
INSERT INTO target_conditions (operator, field_name, field_value, is_inverse, target_id) VALUES ('EQUALS', 'campaign_name', 'PMP - Carrot Fantasy 1-2 - House of Fun iOS CN', false, 54);
INSERT INTO commercials (id, amount, date_start, date_end, offer_id, media_source, event_type, type) VALUES (55, 10, '2016-01-01', '2017-01-01', 'id586634331', 'vungle_int', 'INSTALL', 'PAYOUT');
INSERT INTO targets (id, commercial_id, is_active) VALUES (55, 55, true);
INSERT INTO target_conditions (operator, field_name, field_value, is_inverse, target_id) VALUES ('EQUALS', 'campaign_name', 'House of Fun iPad US', false, 55);
INSERT INTO commercials (id, amount, date_start, date_end, offer_id, media_source, event_type, type) VALUES (56, 2.5, '2016-01-01', '2017-01-01', 'id586634331', 'vungle_int', 'INSTALL', 'PAYOUT');
INSERT INTO targets (id, commercial_id, is_active) VALUES (56, 56, true);
INSERT INTO target_conditions (operator, field_name, field_value, is_inverse, target_id) VALUES ('EQUALS', 'campaign_name', 'HOF_Vungle_T3_iOS_RON', false, 56);
INSERT INTO commercials (id, amount, date_start, date_end, offer_id, media_source, event_type, type) VALUES (57, 2, '2016-01-01', '2017-01-01', 'id586634331', 'vungle_int', 'INSTALL', 'PAYOUT');
INSERT INTO targets (id, commercial_id, is_active) VALUES (57, 57, true);
INSERT INTO target_conditions (operator, field_name, field_value, is_inverse, target_id) VALUES ('EQUALS', 'campaign_name', 'HOF_Vungle_T4_iOS_RON', false, 57);
INSERT INTO commercials (id, amount, date_start, date_end, offer_id, media_source, event_type, type) VALUES (58, 3, '2016-01-01', '2017-01-01', 'id586634331', 'vungle_int', 'INSTALL', 'PAYOUT');
INSERT INTO targets (id, commercial_id, is_active) VALUES (58, 58, true);
INSERT INTO target_conditions (operator, field_name, field_value, is_inverse, target_id) VALUES ('EQUALS', 'campaign_name', 'HOF_Vungle_T4_iOS_PUSH', false, 58);
INSERT INTO commercials (id, amount, date_start, date_end, offer_id, media_source, event_type, type) VALUES (59, 4, '2016-01-01', '2017-01-01', 'id586634331', 'vungle_int', 'INSTALL', 'PAYOUT');
INSERT INTO targets (id, commercial_id, is_active) VALUES (59, 59, true);
INSERT INTO target_conditions (operator, field_name, field_value, is_inverse, target_id) VALUES ('EQUALS', 'campaign_name', 'HOF_Vungle_T2_iOS_RON', false, 59);
INSERT INTO commercials (id, amount, date_start, date_end, offer_id, media_source, event_type, type) VALUES (60, 3.5, '2016-01-01', '2017-01-01', 'id586634331', 'vungle_int', 'INSTALL', 'PAYOUT');
INSERT INTO targets (id, commercial_id, is_active) VALUES (60, 60, true);
INSERT INTO target_conditions (operator, field_name, field_value, is_inverse, target_id) VALUES ('EQUALS', 'campaign_name', 'HOF_Vungle_T3_iOS_PUSH', false, 60);
INSERT INTO commercials (id, amount, date_start, date_end, offer_id, media_source, event_type, type) VALUES (61, 5, '2016-01-01', '2017-01-01', 'id586634331', 'vungle_int', 'INSTALL', 'PAYOUT');
INSERT INTO targets (id, commercial_id, is_active) VALUES (61, 61, true);
INSERT INTO target_conditions (operator, field_name, field_value, is_inverse, target_id) VALUES ('EQUALS', 'campaign_name', 'HOF_Vungle_T1_iOS_RON', false, 61);
INSERT INTO commercials (id, amount, date_start, date_end, offer_id, media_source, event_type, type) VALUES (62, 9, '2016-01-01', '2017-01-01', 'id586634331', 'vungle_int', 'INSTALL', 'PAYOUT');
INSERT INTO targets (id, commercial_id, is_active) VALUES (62, 62, true);
INSERT INTO target_conditions (operator, field_name, field_value, is_inverse, target_id) VALUES ('EQUALS', 'campaign_name', 'HOF_Vungle_T1_iOS_GSNCasino _PMP', false, 62);
INSERT INTO commercials (id, amount, date_start, date_end, offer_id, media_source, event_type, type) VALUES (63, 9, '2016-01-01', '2017-01-01', 'id586634331', 'vungle_int', 'INSTALL', 'PAYOUT');
INSERT INTO targets (id, commercial_id, is_active) VALUES (63, 63, true);
INSERT INTO target_conditions (operator, field_name, field_value, is_inverse, target_id) VALUES ('EQUALS', 'campaign_name', 'HOF_Vungle_T1_iOS_PUSH', false, 63);
INSERT INTO commercials (id, amount, date_start, date_end, offer_id, media_source, event_type, type) VALUES (64, 7, '2016-01-01', '2017-01-01', 'id586634331', 'vungle_int', 'INSTALL', 'PAYOUT');
INSERT INTO targets (id, commercial_id, is_active) VALUES (64, 64, true);
INSERT INTO target_conditions (operator, field_name, field_value, is_inverse, target_id) VALUES ('EQUALS', 'campaign_name', 'HOF_Vungle_T2_iOS_PUSH', false, 64);
INSERT INTO commercials (id, amount, date_start, date_end, offer_id, media_source, event_type, type) VALUES (65, 13, '2016-01-01', '2017-01-01', 'id586634331', 'vungle_int', 'INSTALL', 'PAYOUT');
INSERT INTO targets (id, commercial_id, is_active) VALUES (65, 65, true);
INSERT INTO target_conditions (operator, field_name, field_value, is_inverse, target_id) VALUES ('EQUALS', 'campaign_name', 'HOF_Vungle_T1_iOS_XtremeSlots_PMP', false, 65);
INSERT INTO commercials (id, amount, date_start, date_end, offer_id, media_source, event_type, type) VALUES (66, 10, '2016-01-01', '2017-01-01', 'id586634331', 'vungle_int', 'INSTALL', 'PAYOUT');
INSERT INTO targets (id, commercial_id, is_active) VALUES (66, 66, true);
INSERT INTO target_conditions (operator, field_name, field_value, is_inverse, target_id) VALUES ('EQUALS', 'campaign_name', 'HOF_Vungle_T1_iOS_SolitaireTriPeaks _PMP', false, 66);
INSERT INTO commercials (id, amount, date_start, date_end, offer_id, media_source, event_type, type) VALUES (67, 10, '2016-01-01', '2017-01-01', 'id586634331', 'vungle_int', 'INSTALL', 'PAYOUT');
INSERT INTO targets (id, commercial_id, is_active) VALUES (67, 67, true);
INSERT INTO target_conditions (operator, field_name, field_value, is_inverse, target_id) VALUES ('EQUALS', 'campaign_name', 'HOF_Vungle_T1_iOS_SlotsTycoon_PMP', false, 67);
INSERT INTO commercials (id, amount, date_start, date_end, offer_id, media_source, event_type, type) VALUES (68, 13, '2016-01-01', '2017-01-01', 'id586634331', 'vungle_int', 'INSTALL', 'PAYOUT');
INSERT INTO targets (id, commercial_id, is_active) VALUES (68, 68, true);
INSERT INTO target_conditions (operator, field_name, field_value, is_inverse, target_id) VALUES ('EQUALS', 'campaign_name', 'PMP - Trivia Crack - House of Fun - iPad - US', false, 68);
INSERT INTO commercials (id, amount, date_start, date_end, offer_id, media_source, event_type, type) VALUES (69, 4, '2016-01-01', '2017-01-01', 'id586634331', 'vungle_int', 'INSTALL', 'PAYOUT');
INSERT INTO targets (id, commercial_id, is_active) VALUES (69, 69, true);
INSERT INTO target_conditions (operator, field_name, field_value, is_inverse, target_id) VALUES ('EQUALS', 'campaign_name', 'House of Fun iPad T3 WWE', false, 69);
INSERT INTO commercials (id, amount, date_start, date_end, offer_id, media_source, event_type, type) VALUES (70, 12, '2016-01-01', '2017-01-01', 'id586634331', 'vungle_int', 'INSTALL', 'PAYOUT');
INSERT INTO targets (id, commercial_id, is_active) VALUES (70, 70, true);
INSERT INTO target_conditions (operator, field_name, field_value, is_inverse, target_id) VALUES ('EQUALS', 'campaign_name', 'PMP - Dude Perfect - House of Fun - iPad - T1', false, 70);
INSERT INTO commercials (id, amount, date_start, date_end, offer_id, media_source, event_type, type) VALUES (71, 13, '2016-01-01', '2017-01-01', 'id586634331', 'vungle_int', 'INSTALL', 'PAYOUT');
INSERT INTO targets (id, commercial_id, is_active) VALUES (71, 71, true);
INSERT INTO target_conditions (operator, field_name, field_value, is_inverse, target_id) VALUES ('EQUALS', 'campaign_name', 'PMP - Xtreme Slots - House of Fun - iPhone - T1', false, 71);
INSERT INTO commercials (id, amount, date_start, date_end, offer_id, media_source, event_type, type) VALUES (72, 4, '2016-01-01', '2017-01-01', 'id586634331', 'vungle_int', 'INSTALL', 'PAYOUT');
INSERT INTO targets (id, commercial_id, is_active) VALUES (72, 72, true);
INSERT INTO target_conditions (operator, field_name, field_value, is_inverse, target_id) VALUES ('EQUALS', 'campaign_name', 'House of Fun iPhone Geo Test', false, 72);
INSERT INTO commercials (id, amount, date_start, date_end, offer_id, media_source, event_type, type) VALUES (73, 20, '2016-01-01', '2017-01-01', 'id586634331', 'vungle_int', 'INSTALL', 'PAYOUT');
INSERT INTO targets (id, commercial_id, is_active) VALUES (73, 73, true);
INSERT INTO target_conditions (operator, field_name, field_value, is_inverse, target_id) VALUES ('EQUALS', 'campaign_name', '[PIE] PUSH 2 - House of Fun iOS US', false, 73);
INSERT INTO commercials (id, amount, date_start, date_end, offer_id, media_source, event_type, type) VALUES (74, 5, '2016-01-01', '2017-01-01', 'id586634331', 'Cheetah_int', 'INSTALL', 'PAYOUT');
INSERT INTO targets (id, commercial_id, is_active) VALUES (74, 74, true);
INSERT INTO target_conditions (operator, field_name, field_value, is_inverse, target_id) VALUES ('EQUALS', 'campaign_name', 'HOF_Mobpartner_T1_iOS_X_X_X_X_X_X_X_X_X', false, 74);
INSERT INTO commercials (id, amount, date_start, date_end, offer_id, media_source, event_type, type) VALUES (75, 9, '2016-01-01', '2017-01-02', 'id586634332', 'Fiksu_int', 'INSTALL', 'PAYOUT');
INSERT INTO targets (id, commercial_id, is_active) VALUES (75, 75, true);
INSERT INTO target_conditions (operator, field_name, field_value, is_inverse, target_id) VALUES ('EQUALS', 'campaign_name', 'HOF_Fiksu_US_iOS_X_X_X_X_X_X_X_X_X', false, 75);
INSERT INTO commercials (id, amount, date_start, date_end, offer_id, media_source, event_type, type) VALUES (76, 4, '2016-01-01', '2016-02-29', 'id586634333', 'Games_Pips_int', 'INSTALL', 'PAYOUT');
INSERT INTO targets (id, commercial_id, is_active) VALUES (76, 76, true);
INSERT INTO target_conditions (operator, field_name, field_value, is_inverse, target_id) VALUES ('EQUALS', 'campaign_name', 'gamespipe_int', false, 76);
INSERT INTO commercials (id, amount, date_start, date_end, offer_id, media_source, event_type, type) VALUES (77, 5, '2016-03-01', '2017-03-01', 'id586634333', 'Games_Pips_int', 'INSTALL', 'PAYOUT');
INSERT INTO targets (id, commercial_id, is_active) VALUES (77, 77, true);
INSERT INTO target_conditions (operator, field_name, field_value, is_inverse, target_id) VALUES ('EQUALS', 'campaign_name', 'gamespipe_int', false, 77);
INSERT INTO commercials (id, amount, date_start, date_end, offer_id, media_source, event_type, type) VALUES (78, 8, '2016-01-01', '2017-01-04', 'id586634334', 'DQNA_int', 'INSTALL', 'PAYOUT');
INSERT INTO targets (id, commercial_id, is_active) VALUES (78, 78, true);
INSERT INTO target_conditions (operator, field_name, field_value, is_inverse, target_id) VALUES ('EQUALS', 'campaign_name', 'dqna_int', false, 78);
INSERT INTO commercials (id, amount, date_start, date_end, offer_id, media_source, event_type, type) VALUES (79, 6.5, '2016-01-01', '2017-01-05', 'id586634335', 'PocketMedia_int', 'INSTALL', 'PAYOUT');
INSERT INTO targets (id, commercial_id, is_active) VALUES (79, 79, true);
INSERT INTO target_conditions (operator, field_name, field_value, is_inverse, target_id) VALUES ('EQUALS', 'campaign_name', 'pocketmedia_int', false, 79);
INSERT INTO commercials (id, amount, date_start, date_end, offer_id, media_source, event_type, type) VALUES (80, 9, '2016-01-01', '2017-01-01', 'id586634331', 'supersonicads_int', 'INSTALL', 'PAYOUT');
INSERT INTO targets (id, commercial_id, is_active) VALUES (80, 80, true);
INSERT INTO target_conditions (operator, field_name, field_value, is_inverse, target_id) VALUES ('EQUALS', 'campaign_name', 'Slots - House of Fun! - iOS - US - [non-incent] (Premium apps)', false, 80);
INSERT INTO commercials (id, amount, date_start, date_end, offer_id, media_source, event_type, type) VALUES (81, 9, '2016-01-01', '2017-01-01', 'id586634331', 'supersonicads_int', 'INSTALL', 'PAYOUT');
INSERT INTO targets (id, commercial_id, is_active) VALUES (81, 81, true);
INSERT INTO target_conditions (operator, field_name, field_value, is_inverse, target_id) VALUES ('EQUALS', 'campaign_name', 'Slots - House of Fun! - iOS - AU - [non-incent] (Premium apps)', false, 81);
INSERT INTO commercials (id, amount, date_start, date_end, offer_id, media_source, event_type, type) VALUES (82, 8, '2016-01-01', '2017-01-01', 'id586634331', 'supersonicads_int', 'INSTALL', 'PAYOUT');
INSERT INTO targets (id, commercial_id, is_active) VALUES (82, 82, true);
INSERT INTO target_conditions (operator, field_name, field_value, is_inverse, target_id) VALUES ('EQUALS', 'campaign_name', 'Slots - House of Fun! - iOS - AU - [non-incent]', false, 82);
INSERT INTO commercials (id, amount, date_start, date_end, offer_id, media_source, event_type, type) VALUES (83, 8, '2016-01-01', '2017-01-01', 'id586634331', 'supersonicads_int', 'INSTALL', 'PAYOUT');
INSERT INTO targets (id, commercial_id, is_active) VALUES (83, 83, true);
INSERT INTO target_conditions (operator, field_name, field_value, is_inverse, target_id) VALUES ('EQUALS', 'campaign_name', 'Slots - House of Fun! - iOS - US - [non-incent]', false, 83);
INSERT INTO commercials (id, amount, date_start, date_end, offer_id, media_source, event_type, type) VALUES (84, 10, '2016-01-01', '2017-01-01', 'id586634331', 'supersonicads_int', 'INSTALL', 'PAYOUT');
INSERT INTO targets (id, commercial_id, is_active) VALUES (84, 84, true);
INSERT INTO target_conditions (operator, field_name, field_value, is_inverse, target_id) VALUES ('EQUALS', 'campaign_name', 'Slots - House of Fun! - iOS - US - [non-incent]- October', false, 84);
INSERT INTO commercials (id, amount, date_start, date_end, offer_id, media_source, event_type, type) VALUES (85, 8, '2016-01-01', '2017-01-01', 'id586634331', 'supersonicads_int', 'INSTALL', 'PAYOUT');
INSERT INTO targets (id, commercial_id, is_active) VALUES (85, 85, true);
INSERT INTO target_conditions (operator, field_name, field_value, is_inverse, target_id) VALUES ('EQUALS', 'campaign_name', 'Slots - House of Fun! - iOS - AU - [non-incent]- October', false, 85);
INSERT INTO commercials (id, amount, date_start, date_end, offer_id, media_source, event_type, type) VALUES (86, 10, '2016-01-01', '2017-01-01', 'id586634331', 'supersonicads_int', 'INSTALL', 'PAYOUT');
INSERT INTO targets (id, commercial_id, is_active) VALUES (86, 86, true);
INSERT INTO target_conditions (operator, field_name, field_value, is_inverse, target_id) VALUES ('EQUALS', 'campaign_name', 'RV - Slots Free Casino House of Fun! - iOS - Tier1 - US,AU', false, 86);
INSERT INTO commercials (id, amount, date_start, date_end, offer_id, media_source, event_type, type) VALUES (87, 8, '2016-01-01', '2017-01-01', 'id586634331', 'supersonicads_int', 'INSTALL', 'PAYOUT');
INSERT INTO targets (id, commercial_id, is_active) VALUES (87, 87, true);
INSERT INTO target_conditions (operator, field_name, field_value, is_inverse, target_id) VALUES ('EQUALS', 'campaign_name', 'RV - Slots Free Casino House of Fun! - iOS - Tier2 - CA,JP', false, 87);
INSERT INTO commercials (id, amount, date_start, date_end, offer_id, media_source, event_type, type) VALUES (88, 2.5, '2016-01-01', '2017-01-01', 'id586634331', 'supersonicads_int', 'INSTALL', 'PAYOUT');
INSERT INTO targets (id, commercial_id, is_active) VALUES (88, 88, true);
INSERT INTO target_conditions (operator, field_name, field_value, is_inverse, target_id) VALUES ('EQUALS', 'campaign_name', 'RV - Slots Free Casino House of Fun! - iOS - Tier3 - CN,CH,RU,MX,ZA', false, 88);
INSERT INTO commercials (id, amount, date_start, date_end, offer_id, media_source, event_type, type) VALUES (89, 10, '2016-01-01', '2017-01-01', 'id586634331', 'supersonicads_int', 'INSTALL', 'PAYOUT');
INSERT INTO targets (id, commercial_id, is_active) VALUES (89, 89, true);
INSERT INTO target_conditions (operator, field_name, field_value, is_inverse, target_id) VALUES ('EQUALS', 'campaign_name', 'RV - Slots Free Casino House of Fun! - iOS - Tier1 - US,AU (NEW)', false, 89);
INSERT INTO commercials (id, amount, date_start, date_end, offer_id, media_source, event_type, type) VALUES (90, 6, '2016-01-01', '2017-01-01', 'id586634331', 'supersonicads_int', 'INSTALL', 'PAYOUT');
INSERT INTO targets (id, commercial_id, is_active) VALUES (90, 90, true);
INSERT INTO target_conditions (operator, field_name, field_value, is_inverse, target_id) VALUES ('EQUALS', 'campaign_name', 'RV - Slots Free Casino House of Fun! - iOS - JP', false, 90);
INSERT INTO commercials (id, amount, date_start, date_end, offer_id, media_source, event_type, type) VALUES (91, 10, '2016-01-01', '2017-01-01', 'id586634331', 'supersonicads_int', 'INSTALL', 'PAYOUT');
INSERT INTO targets (id, commercial_id, is_active) VALUES (91, 91, true);
INSERT INTO target_conditions (operator, field_name, field_value, is_inverse, target_id) VALUES ('EQUALS', 'campaign_name', 'RV - Slots Free Casino House of Fun! - iOS - US', false, 91);
INSERT INTO commercials (id, amount, date_start, date_end, offer_id, media_source, event_type, type) VALUES (92, 10, '2016-01-01', '2017-01-01', 'id586634331', 'supersonicads_int', 'INSTALL', 'PAYOUT');
INSERT INTO targets (id, commercial_id, is_active) VALUES (92, 92, true);
INSERT INTO target_conditions (operator, field_name, field_value, is_inverse, target_id) VALUES ('EQUALS', 'campaign_name', 'Supersonic_Australia_iOS_RON', false, 92);
INSERT INTO commercials (id, amount, date_start, date_end, offer_id, media_source, event_type, type) VALUES (93, 8, '2016-01-01', '2017-01-01', 'id586634331', 'supersonicads_int', 'INSTALL', 'PAYOUT');
INSERT INTO targets (id, commercial_id, is_active) VALUES (93, 93, true);
INSERT INTO target_conditions (operator, field_name, field_value, is_inverse, target_id) VALUES ('EQUALS', 'campaign_name', 'Supersonic_Australia_iOS_WL', false, 93);
INSERT INTO commercials (id, amount, date_start, date_end, offer_id, media_source, event_type, type) VALUES (94, 6, '2016-01-01', '2017-01-01', 'id586634331', 'supersonicads_int', 'INSTALL', 'PAYOUT');
INSERT INTO targets (id, commercial_id, is_active) VALUES (94, 94, true);
INSERT INTO target_conditions (operator, field_name, field_value, is_inverse, target_id) VALUES ('EQUALS', 'campaign_name', 'Supersonic_JAPAN_iOS_RON', false, 94);
INSERT INTO commercials (id, amount, date_start, date_end, offer_id, media_source, event_type, type) VALUES (95, 10, '2016-01-01', '2017-01-01', 'id586634331', 'supersonicads_int', 'INSTALL', 'PAYOUT');
INSERT INTO targets (id, commercial_id, is_active) VALUES (95, 95, true);
INSERT INTO target_conditions (operator, field_name, field_value, is_inverse, target_id) VALUES ('EQUALS', 'campaign_name', 'Supersonic_T1_iOS_RON', false, 95);
INSERT INTO commercials (id, amount, date_start, date_end, offer_id, media_source, event_type, type) VALUES (96, 8, '2016-01-01', '2017-01-01', 'id586634331', 'supersonicads_int', 'INSTALL', 'PAYOUT');
INSERT INTO targets (id, commercial_id, is_active) VALUES (96, 96, true);
INSERT INTO target_conditions (operator, field_name, field_value, is_inverse, target_id) VALUES ('EQUALS', 'campaign_name', 'Supersonic_T2_iOS_RON', false, 96);
INSERT INTO commercials (id, amount, date_start, date_end, offer_id, media_source, event_type, type) VALUES (97, 3, '2016-01-01', '2017-01-01', 'id586634331', 'supersonicads_int', 'INSTALL', 'PAYOUT');
INSERT INTO targets (id, commercial_id, is_active) VALUES (97, 97, true);
INSERT INTO target_conditions (operator, field_name, field_value, is_inverse, target_id) VALUES ('EQUALS', 'campaign_name', 'Supersonic_T3_iOS_RON', false, 97);
INSERT INTO commercials (id, amount, date_start, date_end, offer_id, media_source, event_type, type) VALUES (98, 10, '2016-01-01', '2017-01-01', 'id586634331', 'supersonicads_int', 'INSTALL', 'PAYOUT');
INSERT INTO targets (id, commercial_id, is_active) VALUES (98, 98, true);
INSERT INTO target_conditions (operator, field_name, field_value, is_inverse, target_id) VALUES ('EQUALS', 'campaign_name', 'Supersonic_USA_iOS_RON', false, 98);
INSERT INTO commercials (id, amount, date_start, date_end, offer_id, media_source, event_type, type) VALUES (99, 10, '2016-01-01', '2017-01-01', 'id586634331', 'supersonicads_int', 'INSTALL', 'PAYOUT');
INSERT INTO targets (id, commercial_id, is_active) VALUES (99, 99, true);
INSERT INTO target_conditions (operator, field_name, field_value, is_inverse, target_id) VALUES ('EQUALS', 'campaign_name', 'Supersonic_USA_iOS_WL', false, 99);
INSERT INTO commercials (id, amount, date_start, date_end, offer_id, media_source, event_type, type) VALUES (100, 1, '2016-01-01', '2017-01-01', 'com.pacificinteractive.HouseOfFun', 'supersonicads_int', 'INSTALL', 'PAYOUT');
INSERT INTO targets (id, commercial_id, is_active) VALUES (100, 100, true);
INSERT INTO target_conditions (operator, field_name, field_value, is_inverse, target_id) VALUES ('EQUALS', 'campaign_name', 'House of Fun! - Android - JP - Display', false, 100);
INSERT INTO commercials (id, amount, date_start, date_end, offer_id, media_source, event_type, type) VALUES (101, 2, '2016-01-01', '2017-01-01', 'com.pacificinteractive.HouseOfFun', 'supersonicads_int', 'INSTALL', 'PAYOUT');
INSERT INTO targets (id, commercial_id, is_active) VALUES (101, 101, true);
INSERT INTO target_conditions (operator, field_name, field_value, is_inverse, target_id) VALUES ('EQUALS', 'campaign_name', 'House of Fun! - Android - US,CA,AU - Display', false, 101);
INSERT INTO commercials (id, amount, date_start, date_end, offer_id, media_source, event_type, type) VALUES (102, 4, '2016-01-01', '2017-01-01', 'com.pacificinteractive.HouseOfFun', 'supersonicads_int', 'INSTALL', 'PAYOUT');
INSERT INTO targets (id, commercial_id, is_active) VALUES (102, 102, true);
INSERT INTO target_conditions (operator, field_name, field_value, is_inverse, target_id) VALUES ('EQUALS', 'campaign_name', 'RV - Slots Free Casino House of Fun - Android - US (New)', false, 102);
INSERT INTO commercials (id, amount, date_start, date_end, offer_id, media_source, event_type, type) VALUES (103, 6, '2016-01-01', '2017-01-01', 'com.pacificinteractive.HouseOfFun', 'supersonicads_int', 'INSTALL', 'PAYOUT');
INSERT INTO targets (id, commercial_id, is_active) VALUES (103, 103, true);
INSERT INTO target_conditions (operator, field_name, field_value, is_inverse, target_id) VALUES ('EQUALS', 'campaign_name', 'RV - Slots Free Casino House of Fun - Android - AU (New)', false, 103);
INSERT INTO commercials (id, amount, date_start, date_end, offer_id, media_source, event_type, type) VALUES (104, 3.5, '2016-01-01', '2017-01-01', 'com.pacificinteractive.HouseOfFun', 'supersonicads_int', 'INSTALL', 'PAYOUT');
INSERT INTO targets (id, commercial_id, is_active) VALUES (104, 104, true);
INSERT INTO target_conditions (operator, field_name, field_value, is_inverse, target_id) VALUES ('EQUALS', 'campaign_name', 'RV - Slots Free Casino House of Fun - Android - JP (New)', false, 104);
INSERT INTO commercials (id, amount, date_start, date_end, offer_id, media_source, event_type, type) VALUES (105, 4.5, '2016-01-01', '2017-01-01', 'com.pacificinteractive.HouseOfFun', 'supersonicads_int', 'INSTALL', 'PAYOUT');
INSERT INTO targets (id, commercial_id, is_active) VALUES (105, 105, true);
INSERT INTO target_conditions (operator, field_name, field_value, is_inverse, target_id) VALUES ('EQUALS', 'campaign_name', 'RV - Slots Free Casino House of Fun - Android - CA (New)', false, 105);
INSERT INTO commercials (id, amount, date_start, date_end, offer_id, media_source, event_type, type) VALUES (106, 6, '2016-01-01', '2017-01-01', 'com.pacificinteractive.HouseOfFun', 'supersonicads_int', 'INSTALL', 'PAYOUT');
INSERT INTO targets (id, commercial_id, is_active) VALUES (106, 106, true);
INSERT INTO target_conditions (operator, field_name, field_value, is_inverse, target_id) VALUES ('EQUALS', 'campaign_name', 'Supersonic_Australia_Android_RON', false, 106);
INSERT INTO commercials (id, amount, date_start, date_end, offer_id, media_source, event_type, type) VALUES (107, 5, '2016-01-01', '2017-01-01', 'com.pacificinteractive.HouseOfFun', 'supersonicads_int', 'INSTALL', 'PAYOUT');
INSERT INTO targets (id, commercial_id, is_active) VALUES (107, 107, true);
INSERT INTO target_conditions (operator, field_name, field_value, is_inverse, target_id) VALUES ('EQUALS', 'campaign_name', 'Supersonic_CANADA_Android_RON', false, 107);
INSERT INTO commercials (id, amount, date_start, date_end, offer_id, media_source, event_type, type) VALUES (108, 2, '2016-01-01', '2017-01-01', 'com.pacificinteractive.HouseOfFun', 'supersonicads_int', 'INSTALL', 'PAYOUT');
INSERT INTO targets (id, commercial_id, is_active) VALUES (108, 108, true);
INSERT INTO target_conditions (operator, field_name, field_value, is_inverse, target_id) VALUES ('EQUALS', 'campaign_name', 'Supersonic_JAPAN_Android_Display_RON', false, 108);
INSERT INTO commercials (id, amount, date_start, date_end, offer_id, media_source, event_type, type) VALUES (109, 5, '2016-01-01', '2017-01-01', 'com.pacificinteractive.HouseOfFun', 'supersonicads_int', 'INSTALL', 'PAYOUT');
INSERT INTO targets (id, commercial_id, is_active) VALUES (109, 109, true);
INSERT INTO target_conditions (operator, field_name, field_value, is_inverse, target_id) VALUES ('EQUALS', 'campaign_name', 'Supersonic_T1_Android_Display_RON', false, 109);
INSERT INTO commercials (id, amount, date_start, date_end, offer_id, media_source, event_type, type) VALUES (110, 4, '2016-01-01', '2017-01-01', 'com.pacificinteractive.HouseOfFun', 'supersonicads_int', 'INSTALL', 'PAYOUT');
INSERT INTO targets (id, commercial_id, is_active) VALUES (110, 110, true);
INSERT INTO target_conditions (operator, field_name, field_value, is_inverse, target_id) VALUES ('EQUALS', 'campaign_name', 'Supersonic_USA_Android_RON', false, 110);
INSERT INTO commercials (id, amount, date_start, date_end, offer_id, media_source, event_type, type) VALUES (111, 7, '2016-01-01', '2017-01-01', 'id586634331', 'heyzap_int', 'INSTALL', 'PAYOUT');
INSERT INTO targets (id, commercial_id, is_active) VALUES (111, 111, true);
INSERT INTO target_conditions (operator, field_name, field_value, is_inverse, target_id) VALUES ('EQUALS', 'campaign_name', 'HeyZap_iOS_T1', false, 111);
INSERT INTO commercials (id, amount, date_start, date_end, offer_id, media_source, event_type, type) VALUES (112, 6, '2016-01-01', '2017-01-01', 'id586634331', 'heyzap_int', 'INSTALL', 'PAYOUT');
INSERT INTO targets (id, commercial_id, is_active) VALUES (112, 112, true);
INSERT INTO target_conditions (operator, field_name, field_value, is_inverse, target_id) VALUES ('EQUALS', 'campaign_name', 'HeyZap_iOS_T2_WL', false, 112);
INSERT INTO commercials (id, amount, date_start, date_end, offer_id, media_source, event_type, type) VALUES (113, 6, '2016-01-01', '2017-01-01', 'id586634331', 'heyzap_int', 'INSTALL', 'PAYOUT');
INSERT INTO targets (id, commercial_id, is_active) VALUES (113, 113, true);
INSERT INTO target_conditions (operator, field_name, field_value, is_inverse, target_id) VALUES ('EQUALS', 'campaign_name', 'HeyZap_iOS_T2', false, 113);
INSERT INTO commercials (id, amount, date_start, date_end, offer_id, media_source, event_type, type) VALUES (114, 1.5, '2016-01-01', '2017-01-01', 'id586634331', 'heyzap_int', 'INSTALL', 'PAYOUT');
INSERT INTO targets (id, commercial_id, is_active) VALUES (114, 114, true);
INSERT INTO target_conditions (operator, field_name, field_value, is_inverse, target_id) VALUES ('EQUALS', 'campaign_name', 'HeyZap_iOS_T3', false, 114);
INSERT INTO commercials (id, amount, date_start, date_end, offer_id, media_source, event_type, type) VALUES (115, 1.5, '2016-01-01', '2017-01-01', 'id586634331', 'heyzap_int', 'INSTALL', 'PAYOUT');
INSERT INTO targets (id, commercial_id, is_active) VALUES (115, 115, true);
INSERT INTO target_conditions (operator, field_name, field_value, is_inverse, target_id) VALUES ('EQUALS', 'campaign_name', 'Express Campaign 1', false, 115);
INSERT INTO commercials (id, amount, date_start, date_end, offer_id, media_source, event_type, type) VALUES (116, 7, '2016-01-01', '2017-01-01', 'id586634331', 'heyzap_int', 'INSTALL', 'PAYOUT');
INSERT INTO targets (id, commercial_id, is_active) VALUES (116, 116, true);
INSERT INTO target_conditions (operator, field_name, field_value, is_inverse, target_id) VALUES ('EQUALS', 'campaign_name', 'aditor_HeyZap_iOS_T1', false, 116);
INSERT INTO commercials (id, amount, date_start, date_end, offer_id, media_source, event_type, type) VALUES (117, 6, '2016-01-01', '2017-01-01', 'id586634331', 'heyzap_int', 'INSTALL', 'PAYOUT');
INSERT INTO targets (id, commercial_id, is_active) VALUES (117, 117, true);
INSERT INTO target_conditions (operator, field_name, field_value, is_inverse, target_id) VALUES ('EQUALS', 'campaign_name', 'aditor_HeyZap_iOS_T2', false, 117);
INSERT INTO commercials (id, amount, date_start, date_end, offer_id, media_source, event_type, type) VALUES (118, 6, '2016-01-01', '2017-01-01', 'id586634331', 'heyzap_int', 'INSTALL', 'PAYOUT');
INSERT INTO targets (id, commercial_id, is_active) VALUES (118, 118, true);
INSERT INTO target_conditions (operator, field_name, field_value, is_inverse, target_id) VALUES ('EQUALS', 'campaign_name', 'aditor_HeyZap_iOS_T2_WL', false, 118);
INSERT INTO commercials (id, amount, date_start, date_end, offer_id, media_source, event_type, type) VALUES (119, 1.5, '2016-01-01', '2017-01-01', 'id586634331', 'heyzap_int', 'INSTALL', 'PAYOUT');
INSERT INTO targets (id, commercial_id, is_active) VALUES (119, 119, true);
INSERT INTO target_conditions (operator, field_name, field_value, is_inverse, target_id) VALUES ('EQUALS', 'campaign_name', 'aditor_HeyZap_iOS_T3', false, 119);
INSERT INTO commercials (id, amount, date_start, date_end, offer_id, media_source, event_type, type) VALUES (120, 6, '2016-01-01', '2017-01-01', 'id586634331', 'judoads_int', 'INSTALL', 'PAYOUT');
INSERT INTO targets (id, commercial_id, is_active) VALUES (120, 120, true);
INSERT INTO target_conditions (operator, field_name, field_value, is_inverse, target_id) VALUES ('EQUALS', 'campaign_name', 'JudoAds_USA_iOS_1046', false, 120);
INSERT INTO commercials (id, amount, date_start, date_end, offer_id, media_source, event_type, type) VALUES (121, 6, '2016-01-01', '2017-01-01', 'id586634331', 'judoads_int', 'INSTALL', 'PAYOUT');
INSERT INTO targets (id, commercial_id, is_active) VALUES (121, 121, true);
INSERT INTO target_conditions (operator, field_name, field_value, is_inverse, target_id) VALUES ('EQUALS', 'campaign_name', 'JudoAds_USA_iOS_1272', false, 121);
INSERT INTO commercials (id, amount, date_start, date_end, offer_id, media_source, event_type, type) VALUES (122, 5, '2016-01-01', '2017-01-01', 'id586634331', 'kixer_int', 'INSTALL', 'PAYOUT');
INSERT INTO targets (id, commercial_id, is_active) VALUES (122, 122, true);
INSERT INTO target_conditions (operator, field_name, field_value, is_inverse, target_id) VALUES ('EQUALS', 'campaign_name', 'Kixer_iOS_CA', false, 122);
INSERT INTO commercials (id, amount, date_start, date_end, offer_id, media_source, event_type, type) VALUES (123, 5, '2016-01-01', '2017-01-01', 'id586634331', 'kixer_int', 'INSTALL', 'PAYOUT');
INSERT INTO targets (id, commercial_id, is_active) VALUES (123, 123, true);
INSERT INTO target_conditions (operator, field_name, field_value, is_inverse, target_id) VALUES ('EQUALS', 'campaign_name', 'Kixer_iOS_ROW', false, 123);
INSERT INTO commercials (id, amount, date_start, date_end, offer_id, media_source, event_type, type) VALUES (124, 5, '2016-01-01', '2017-01-01', 'id586634331', 'kixer_int', 'INSTALL', 'PAYOUT');
INSERT INTO targets (id, commercial_id, is_active) VALUES (124, 124, true);
INSERT INTO target_conditions (operator, field_name, field_value, is_inverse, target_id) VALUES ('EQUALS', 'campaign_name', 'Kixer_iOS_USA', false, 124);
INSERT INTO commercials (id, amount, date_start, date_end, offer_id, media_source, event_type, type) VALUES (125, 8, '2016-01-01', '2017-01-01', 'id586634331', 'lifestreet_int', 'INSTALL', 'PAYOUT');
INSERT INTO targets (id, commercial_id, is_active) VALUES (125, 125, true);
INSERT INTO target_conditions (operator, field_name, field_value, is_inverse, target_id) VALUES ('EQUALS', 'campaign_name', 'Lifest_iPad_AU', false, 125);
INSERT INTO commercials (id, amount, date_start, date_end, offer_id, media_source, event_type, type) VALUES (126, 8, '2016-01-01', '2017-01-01', 'id586634331', 'lifestreet_int', 'INSTALL', 'PAYOUT');
INSERT INTO targets (id, commercial_id, is_active) VALUES (126, 126, true);
INSERT INTO target_conditions (operator, field_name, field_value, is_inverse, target_id) VALUES ('EQUALS', 'campaign_name', 'Lifest_iPad_USA', false, 126);
INSERT INTO commercials (id, amount, date_start, date_end, offer_id, media_source, event_type, type) VALUES (127, 8, '2016-01-01', '2017-01-01', 'id586634331', 'lifestreet_int', 'INSTALL', 'PAYOUT');
INSERT INTO targets (id, commercial_id, is_active) VALUES (127, 127, true);
INSERT INTO target_conditions (operator, field_name, field_value, is_inverse, target_id) VALUES ('EQUALS', 'campaign_name', 'Lifest_iPhone_USA', false, 127);
INSERT INTO commercials (id, amount, date_start, date_end, offer_id, media_source, event_type, type) VALUES (128, 4, '2016-01-01', '2017-01-01', 'com.pacificinteractive.HouseOfFun', 'heyzap_int', 'INSTALL', 'PAYOUT');
INSERT INTO targets (id, commercial_id, is_active) VALUES (128, 128, true);
INSERT INTO target_conditions (operator, field_name, field_value, is_inverse, target_id) VALUES ('EQUALS', 'campaign_name', 'US/AU', false, 128);
INSERT INTO commercials (id, amount, date_start, date_end, offer_id, media_source, event_type, type) VALUES (129, 3, '2016-01-01', '2017-01-01', 'com.pacificinteractive.HouseOfFun', 'heyzap_int', 'INSTALL', 'PAYOUT');
INSERT INTO targets (id, commercial_id, is_active) VALUES (129, 129, true);
INSERT INTO target_conditions (operator, field_name, field_value, is_inverse, target_id) VALUES ('EQUALS', 'campaign_name', 'AU', false, 129);
INSERT INTO commercials (id, amount, date_start, date_end, offer_id, media_source, event_type, type) VALUES (130, 4, '2016-01-01', '2017-01-01', 'com.pacificinteractive.HouseOfFun', 'heyzap_int', 'INSTALL', 'PAYOUT');
INSERT INTO targets (id, commercial_id, is_active) VALUES (130, 130, true);
INSERT INTO target_conditions (operator, field_name, field_value, is_inverse, target_id) VALUES ('EQUALS', 'campaign_name', 'HeyZap_JP_Android', false, 130);
INSERT INTO commercials (id, amount, date_start, date_end, offer_id, media_source, event_type, type) VALUES (131, 7, '2016-01-01', '2017-01-01', 'com.pacificinteractive.HouseOfFun', 'heyzap_int', 'INSTALL', 'PAYOUT');
INSERT INTO targets (id, commercial_id, is_active) VALUES (131, 131, true);
INSERT INTO target_conditions (operator, field_name, field_value, is_inverse, target_id) VALUES ('EQUALS', 'campaign_name', 'HeyZap_AU_Android', false, 131);
INSERT INTO commercials (id, amount, date_start, date_end, offer_id, media_source, event_type, type) VALUES (132, 6, '2016-01-01', '2017-01-01', 'id586634331', 'mundomedia_int', 'INSTALL', 'PAYOUT');
INSERT INTO targets (id, commercial_id, is_active) VALUES (132, 132, true);
INSERT INTO target_conditions (operator, field_name, field_value, is_inverse, target_id) VALUES ('EQUALS', 'campaign_name', 'Mundo_AU_iOS_CD5', false, 132);
INSERT INTO commercials (id, amount, date_start, date_end, offer_id, media_source, event_type, type) VALUES (133, 6, '2016-01-01', '2017-01-01', 'id586634331', 'mundomedia_int', 'INSTALL', 'PAYOUT');
INSERT INTO targets (id, commercial_id, is_active) VALUES (133, 133, true);
INSERT INTO target_conditions (operator, field_name, field_value, is_inverse, target_id) VALUES ('EQUALS', 'campaign_name', 'Mundomedia_USA_iOS_CD11773', false, 133);
INSERT INTO commercials (id, amount, date_start, date_end, offer_id, media_source, event_type, type) VALUES (134, 6, '2016-01-01', '2017-01-01', 'id586634331', 'mundomedia_int', 'INSTALL', 'PAYOUT');
INSERT INTO targets (id, commercial_id, is_active) VALUES (134, 134, true);
INSERT INTO target_conditions (operator, field_name, field_value, is_inverse, target_id) VALUES ('EQUALS', 'campaign_name', 'Mundomedia_USA_iOS_CD13084', false, 134);
INSERT INTO commercials (id, amount, date_start, date_end, offer_id, media_source, event_type, type) VALUES (135, 6, '2016-01-01', '2017-01-01', 'id586634331', 'mundomedia_int', 'INSTALL', 'PAYOUT');
INSERT INTO targets (id, commercial_id, is_active) VALUES (135, 135, true);
INSERT INTO target_conditions (operator, field_name, field_value, is_inverse, target_id) VALUES ('EQUALS', 'campaign_name', 'Mundomedia_USA_iOS_CD23283', false, 135);
INSERT INTO commercials (id, amount, date_start, date_end, offer_id, media_source, event_type, type) VALUES (136, 8, '2016-01-01', '2017-01-01', 'id586634331', 'mundomedia_int', 'INSTALL', 'PAYOUT');
INSERT INTO targets (id, commercial_id, is_active) VALUES (136, 136, true);
INSERT INTO target_conditions (operator, field_name, field_value, is_inverse, target_id) VALUES ('EQUALS', 'campaign_name', 'Mundomedia_USA_iOS_CD26242', false, 136);
INSERT INTO commercials (id, amount, date_start, date_end, offer_id, media_source, event_type, type) VALUES (137, 9, '2016-01-01', '2017-01-01', 'id586634331', 'mundomedia_int', 'INSTALL', 'PAYOUT');
INSERT INTO targets (id, commercial_id, is_active) VALUES (137, 137, true);
INSERT INTO target_conditions (operator, field_name, field_value, is_inverse, target_id) VALUES ('EQUALS', 'campaign_name', 'Mundomedia_USA_iOS_CD265', false, 137);
INSERT INTO commercials (id, amount, date_start, date_end, offer_id, media_source, event_type, type) VALUES (138, 6, '2016-01-01', '2017-01-01', 'id586634331', 'mundomedia_int', 'INSTALL', 'PAYOUT');
INSERT INTO targets (id, commercial_id, is_active) VALUES (138, 138, true);
INSERT INTO target_conditions (operator, field_name, field_value, is_inverse, target_id) VALUES ('EQUALS', 'campaign_name', 'Mundomedia_USA_iOS_CD30012', false, 138);
INSERT INTO commercials (id, amount, date_start, date_end, offer_id, media_source, event_type, type) VALUES (139, 8, '2016-01-01', '2017-01-01', 'id586634331', 'mundomedia_int', 'INSTALL', 'PAYOUT');
INSERT INTO targets (id, commercial_id, is_active) VALUES (139, 139, true);
INSERT INTO target_conditions (operator, field_name, field_value, is_inverse, target_id) VALUES ('EQUALS', 'campaign_name', 'Mundomedia_USA_iOS_CD30576', false, 139);
INSERT INTO commercials (id, amount, date_start, date_end, offer_id, media_source, event_type, type) VALUES (140, 6, '2016-01-01', '2017-01-01', 'id586634331', 'mundomedia_int', 'INSTALL', 'PAYOUT');
INSERT INTO targets (id, commercial_id, is_active) VALUES (140, 140, true);
INSERT INTO target_conditions (operator, field_name, field_value, is_inverse, target_id) VALUES ('EQUALS', 'campaign_name', 'Mundomedia_USA_iOS_CD30925', false, 140);
INSERT INTO commercials (id, amount, date_start, date_end, offer_id, media_source, event_type, type) VALUES (141, 6, '2016-01-01', '2017-01-01', 'id586634331', 'mundomedia_int', 'INSTALL', 'PAYOUT');
INSERT INTO targets (id, commercial_id, is_active) VALUES (141, 141, true);
INSERT INTO target_conditions (operator, field_name, field_value, is_inverse, target_id) VALUES ('EQUALS', 'campaign_name', 'Mundomedia_USA_iOS_CD26390', false, 141);
INSERT INTO commercials (id, amount, date_start, date_end, offer_id, media_source, event_type, type) VALUES (142, 6, '2016-01-01', '2017-01-01', 'id586634331', 'mundomedia_int', 'INSTALL', 'PAYOUT');
INSERT INTO targets (id, commercial_id, is_active) VALUES (142, 142, true);
INSERT INTO target_conditions (operator, field_name, field_value, is_inverse, target_id) VALUES ('EQUALS', 'campaign_name', 'Mundomedia_USA_iOS_CD26555', false, 142);
INSERT INTO commercials (id, amount, date_start, date_end, offer_id, media_source, event_type, type) VALUES (143, 6, '2016-01-01', '2017-01-01', 'id586634331', 'mundomedia_int', 'INSTALL', 'PAYOUT');
INSERT INTO targets (id, commercial_id, is_active) VALUES (143, 143, true);
INSERT INTO target_conditions (operator, field_name, field_value, is_inverse, target_id) VALUES ('EQUALS', 'campaign_name', 'Mundomedia_USA_iOS_CD30926', false, 143);
INSERT INTO commercials (id, amount, date_start, date_end, offer_id, media_source, event_type, type) VALUES (144, 6, '2016-01-01', '2017-01-01', 'id586634331', 'mundomedia_int', 'INSTALL', 'PAYOUT');
INSERT INTO targets (id, commercial_id, is_active) VALUES (144, 144, true);
INSERT INTO target_conditions (operator, field_name, field_value, is_inverse, target_id) VALUES ('EQUALS', 'campaign_name', 'Mundomedia_USA_iOS_CD30929', false, 144);
INSERT INTO commercials (id, amount, date_start, date_end, offer_id, media_source, event_type, type) VALUES (145, 6, '2016-01-01', '2017-01-01', 'id586634331', 'mundomedia_int', 'INSTALL', 'PAYOUT');
INSERT INTO targets (id, commercial_id, is_active) VALUES (145, 145, true);
INSERT INTO target_conditions (operator, field_name, field_value, is_inverse, target_id) VALUES ('EQUALS', 'campaign_name', 'Mundomedia_USA_iOS_CD31561', false, 145);
INSERT INTO commercials (id, amount, date_start, date_end, offer_id, media_source, event_type, type) VALUES (146, 9, '2016-01-01', '2016-02-16', 'id586634331', 'mundomedia_int', 'INSTALL', 'PAYOUT');
INSERT INTO targets (id, commercial_id, is_active) VALUES (146, 146, true);
INSERT INTO target_conditions (operator, field_name, field_value, is_inverse, target_id) VALUES ('EQUALS', 'campaign_name', 'Mundomedia_USA_iOS_CD31785', false, 146);
INSERT INTO commercials (id, amount, date_start, date_end, offer_id, media_source, event_type, type) VALUES (147, 8, '2016-02-17', '2017-01-01', 'id586634331', 'mundomedia_int', 'INSTALL', 'PAYOUT');
INSERT INTO targets (id, commercial_id, is_active) VALUES (147, 147, true);
INSERT INTO target_conditions (operator, field_name, field_value, is_inverse, target_id) VALUES ('EQUALS', 'campaign_name', 'Mundomedia_USA_iOS_CD31785', false, 147);
INSERT INTO commercials (id, amount, date_start, date_end, offer_id, media_source, event_type, type) VALUES (148, 6, '2016-01-01', '2017-01-01', 'id586634331', 'mundomedia_int', 'INSTALL', 'PAYOUT');
INSERT INTO targets (id, commercial_id, is_active) VALUES (148, 148, true);
INSERT INTO target_conditions (operator, field_name, field_value, is_inverse, target_id) VALUES ('EQUALS', 'campaign_name', 'Mundomedia_USA_iOS_CD30926', false, 148);
INSERT INTO commercials (id, amount, date_start, date_end, offer_id, media_source, event_type, type) VALUES (149, 6, '2016-01-01', '2017-01-01', 'id586634331', 'mundomedia_int', 'INSTALL', 'PAYOUT');
INSERT INTO targets (id, commercial_id, is_active) VALUES (149, 149, true);
INSERT INTO target_conditions (operator, field_name, field_value, is_inverse, target_id) VALUES ('EQUALS', 'campaign_name', 'Mundomedia_USA_iOS_CD30929', false, 149);
INSERT INTO commercials (id, amount, date_start, date_end, offer_id, media_source, event_type, type) VALUES (150, 6, '2016-01-01', '2017-01-01', 'id586634331', 'mundomedia_int', 'INSTALL', 'PAYOUT');
INSERT INTO targets (id, commercial_id, is_active) VALUES (150, 150, true);
INSERT INTO target_conditions (operator, field_name, field_value, is_inverse, target_id) VALUES ('EQUALS', 'campaign_name', 'Mundomedia_USA_iOS_CD31561', false, 150);
INSERT INTO commercials (id, amount, date_start, date_end, offer_id, media_source, event_type, type) VALUES (151, 6, '2016-01-01', '2017-01-01', 'id586634331', 'mundomedia_int', 'INSTALL', 'PAYOUT');
INSERT INTO targets (id, commercial_id, is_active) VALUES (151, 151, true);
INSERT INTO target_conditions (operator, field_name, field_value, is_inverse, target_id) VALUES ('EQUALS', 'campaign_name', 'Mundomedia_USA_iOS_CD31785', false, 151);
INSERT INTO commercials (id, amount, date_start, date_end, offer_id, media_source, event_type, type) VALUES (152, 6, '2016-01-01', '2017-01-01', 'id586634331', 'mundomedia_int', 'INSTALL', 'PAYOUT');
INSERT INTO targets (id, commercial_id, is_active) VALUES (152, 152, true);
INSERT INTO target_conditions (operator, field_name, field_value, is_inverse, target_id) VALUES ('EQUALS', 'campaign_name', 'Mundomedia_USA_iOS_CD32171', false, 152);
INSERT INTO commercials (id, amount, date_start, date_end, offer_id, media_source, event_type, type) VALUES (153, 6, '2016-01-01', '2017-01-01', 'id586634331', 'mundomedia_int', 'INSTALL', 'PAYOUT');
INSERT INTO targets (id, commercial_id, is_active) VALUES (153, 153, true);
INSERT INTO target_conditions (operator, field_name, field_value, is_inverse, target_id) VALUES ('EQUALS', 'campaign_name', 'Mundomedia_USA_iOS_CD32515', false, 153);
INSERT INTO commercials (id, amount, date_start, date_end, offer_id, media_source, event_type, type) VALUES (154, 6, '2016-01-01', '2017-01-01', 'id586634331', 'mundomedia_int', 'INSTALL', 'PAYOUT');
INSERT INTO targets (id, commercial_id, is_active) VALUES (154, 154, true);
INSERT INTO target_conditions (operator, field_name, field_value, is_inverse, target_id) VALUES ('EQUALS', 'campaign_name', 'Mundomedia_USA_iOS_CD5', false, 154);
INSERT INTO commercials (id, amount, date_start, date_end, offer_id, media_source, event_type, type) VALUES (155, 6, '2016-01-01', '2017-01-01', 'id586634331', 'mundomedia_int', 'INSTALL', 'PAYOUT');
INSERT INTO targets (id, commercial_id, is_active) VALUES (155, 155, true);
INSERT INTO target_conditions (operator, field_name, field_value, is_inverse, target_id) VALUES ('EQUALS', 'campaign_name', 'Mundomedia_USA_iOS_CD32171', false, 155);
INSERT INTO commercials (id, amount, date_start, date_end, offer_id, media_source, event_type, type) VALUES (156, 6, '2016-01-01', '2017-01-01', 'id586634331', 'mundomedia_int', 'INSTALL', 'PAYOUT');
INSERT INTO targets (id, commercial_id, is_active) VALUES (156, 156, true);
INSERT INTO target_conditions (operator, field_name, field_value, is_inverse, target_id) VALUES ('EQUALS', 'campaign_name', 'Mundomedia_USA_iOS_CD32515', false, 156);
INSERT INTO commercials (id, amount, date_start, date_end, offer_id, media_source, event_type, type) VALUES (157, 6, '2016-01-01', '2017-01-01', 'id586634331', 'mundomedia_int', 'INSTALL', 'PAYOUT');
INSERT INTO targets (id, commercial_id, is_active) VALUES (157, 157, true);
INSERT INTO target_conditions (operator, field_name, field_value, is_inverse, target_id) VALUES ('EQUALS', 'campaign_name', 'Mundomedia_USA_iOS_CD33041', false, 157);
INSERT INTO commercials (id, amount, date_start, date_end, offer_id, media_source, event_type, type) VALUES (158, 6, '2016-01-01', '2017-01-01', 'id586634331', 'mundomedia_int', 'INSTALL', 'PAYOUT');
INSERT INTO targets (id, commercial_id, is_active) VALUES (158, 158, true);
INSERT INTO target_conditions (operator, field_name, field_value, is_inverse, target_id) VALUES ('EQUALS', 'campaign_name', 'Mundomedia_USA_iOS_CD8565', false, 158);
INSERT INTO commercials (id, amount, date_start, date_end, offer_id, media_source, event_type, type) VALUES (159, 6, '2016-01-01', '2017-01-01', 'id586634331', 'mundomedia_int', 'INSTALL', 'PAYOUT');
INSERT INTO targets (id, commercial_id, is_active) VALUES (159, 159, true);
INSERT INTO target_conditions (operator, field_name, field_value, is_inverse, target_id) VALUES ('EQUALS', 'campaign_name', 'Mundomedia_USA_iOS_CD9089', false, 159);
INSERT INTO commercials (id, amount, date_start, date_end, offer_id, media_source, event_type, type) VALUES (160, 6, '2016-01-01', '2017-01-01', 'id586634331', 'mundomedia_int', 'INSTALL', 'PAYOUT');
INSERT INTO targets (id, commercial_id, is_active) VALUES (160, 160, true);
INSERT INTO target_conditions (operator, field_name, field_value, is_inverse, target_id) VALUES ('EQUALS', 'campaign_name', 'Mundomedia_USA_iOS_CD8565', false, 160);
INSERT INTO commercials (id, amount, date_start, date_end, offer_id, media_source, event_type, type) VALUES (161, 6, '2016-01-01', '2017-01-01', 'id586634331', 'mundomedia_int', 'INSTALL', 'PAYOUT');
INSERT INTO targets (id, commercial_id, is_active) VALUES (161, 161, true);
INSERT INTO target_conditions (operator, field_name, field_value, is_inverse, target_id) VALUES ('EQUALS', 'campaign_name', 'CD265_', false, 161);
INSERT INTO commercials (id, amount, date_start, date_end, offer_id, media_source, event_type, type) VALUES (162, 6, '2016-01-01', '2017-01-01', 'id586634331', 'mundomedia_int', 'INSTALL', 'PAYOUT');
INSERT INTO targets (id, commercial_id, is_active) VALUES (162, 162, true);
INSERT INTO target_conditions (operator, field_name, field_value, is_inverse, target_id) VALUES ('EQUALS', 'campaign_name', 'Mundomedia_USA_iOS_CD32562', false, 162);
INSERT INTO commercials (id, amount, date_start, date_end, offer_id, media_source, event_type, type) VALUES (163, 6, '2016-01-01', '2017-01-01', 'id586634331', 'mundomedia_int', 'INSTALL', 'PAYOUT');
INSERT INTO targets (id, commercial_id, is_active) VALUES (163, 163, true);
INSERT INTO target_conditions (operator, field_name, field_value, is_inverse, target_id) VALUES ('EQUALS', 'campaign_name', 'Mundomedia_USA_iOS_CD11541', false, 163);
INSERT INTO commercials (id, amount, date_start, date_end, offer_id, media_source, event_type, type) VALUES (164, 6, '2016-01-01', '2017-01-01', 'id586634331', 'mundomedia_int', 'INSTALL', 'PAYOUT');
INSERT INTO targets (id, commercial_id, is_active) VALUES (164, 164, true);
INSERT INTO target_conditions (operator, field_name, field_value, is_inverse, target_id) VALUES ('EQUALS', 'campaign_name', 'Mundomedia_USA_iOS_CD10185', false, 164);
INSERT INTO commercials (id, amount, date_start, date_end, offer_id, media_source, event_type, type) VALUES (165, 6, '2016-01-01', '2017-01-01', 'id586634331', 'mundomedia_int', 'INSTALL', 'PAYOUT');
INSERT INTO targets (id, commercial_id, is_active) VALUES (165, 165, true);
INSERT INTO target_conditions (operator, field_name, field_value, is_inverse, target_id) VALUES ('EQUALS', 'campaign_name', 'Mundomedia_USA_iOS_CD30586', false, 165);
INSERT INTO commercials (id, amount, date_start, date_end, offer_id, media_source, event_type, type) VALUES (166, 6, '2016-01-01', '2017-01-01', 'id586634331', 'mundomedia_int', 'INSTALL', 'PAYOUT');
INSERT INTO targets (id, commercial_id, is_active) VALUES (166, 166, true);
INSERT INTO target_conditions (operator, field_name, field_value, is_inverse, target_id) VALUES ('EQUALS', 'campaign_name', 'Mundomedia_USA_iOS_CD30901', false, 166);
INSERT INTO commercials (id, amount, date_start, date_end, offer_id, media_source, event_type, type) VALUES (167, 6, '2016-01-01', '2017-01-01', 'id586634331', 'mundomedia_int', 'INSTALL', 'PAYOUT');
INSERT INTO targets (id, commercial_id, is_active) VALUES (167, 167, true);
INSERT INTO target_conditions (operator, field_name, field_value, is_inverse, target_id) VALUES ('EQUALS', 'campaign_name', 'CD26242_2myPixelUSA-sphoflp2', false, 167);
INSERT INTO commercials (id, amount, date_start, date_end, offer_id, media_source, event_type, type) VALUES (168, 6, '2016-01-01', '2017-01-01', 'id586634331', 'mundomedia_int', 'INSTALL', 'PAYOUT');
INSERT INTO targets (id, commercial_id, is_active) VALUES (168, 168, true);
INSERT INTO target_conditions (operator, field_name, field_value, is_inverse, target_id) VALUES ('EQUALS', 'campaign_name', 'Mundomedia_USA_iOS_CD32565', false, 168);
INSERT INTO commercials (id, amount, date_start, date_end, offer_id, media_source, event_type, type) VALUES (169, 6, '2016-01-01', '2017-01-01', 'id586634331', 'mundomedia_int', 'INSTALL', 'PAYOUT');
INSERT INTO targets (id, commercial_id, is_active) VALUES (169, 169, true);
INSERT INTO target_conditions (operator, field_name, field_value, is_inverse, target_id) VALUES ('EQUALS', 'campaign_name', 'CD30576_', false, 169);
INSERT INTO commercials (id, amount, date_start, date_end, offer_id, media_source, event_type, type) VALUES (170, 6, '2016-01-01', '2017-01-01', 'id586634331', 'mundomedia_int', 'INSTALL', 'PAYOUT');
INSERT INTO targets (id, commercial_id, is_active) VALUES (170, 170, true);
INSERT INTO target_conditions (operator, field_name, field_value, is_inverse, target_id) VALUES ('EQUALS', 'campaign_name', 'CD26242_myPixelUSA-sphoflp2', false, 170);
INSERT INTO commercials (id, amount, date_start, date_end, offer_id, media_source, event_type, type) VALUES (171, 6, '2016-01-01', '2017-01-01', 'id586634331', 'mundomedia_int', 'INSTALL', 'PAYOUT');
INSERT INTO targets (id, commercial_id, is_active) VALUES (171, 171, true);
INSERT INTO target_conditions (operator, field_name, field_value, is_inverse, target_id) VALUES ('EQUALS', 'campaign_name', 'CD31785_', false, 171);
INSERT INTO commercials (id, amount, date_start, date_end, offer_id, media_source, event_type, type) VALUES (172, 6, '2016-01-01', '2017-01-01', 'id586634331', 'mundomedia_int', 'INSTALL', 'PAYOUT');
INSERT INTO targets (id, commercial_id, is_active) VALUES (172, 172, true);
INSERT INTO target_conditions (operator, field_name, field_value, is_inverse, target_id) VALUES ('EQUALS', 'campaign_name', 'Mundomedia_USA_iOS_CD32561', false, 172);
INSERT INTO commercials (id, amount, date_start, date_end, offer_id, media_source, event_type, type) VALUES (173, 6, '2016-01-01', '2017-01-01', 'id586634331', 'mundomedia_int', 'INSTALL', 'PAYOUT');
INSERT INTO targets (id, commercial_id, is_active) VALUES (173, 173, true);
INSERT INTO target_conditions (operator, field_name, field_value, is_inverse, target_id) VALUES ('EQUALS', 'campaign_name', 'Mundomedia_USA_iOS_CD26082', false, 173);
INSERT INTO commercials (id, amount, date_start, date_end, offer_id, media_source, event_type, type) VALUES (174, 6, '2016-01-01', '2017-01-01', 'id586634331', 'mundomedia_int', 'INSTALL', 'PAYOUT');
INSERT INTO targets (id, commercial_id, is_active) VALUES (174, 174, true);
INSERT INTO target_conditions (operator, field_name, field_value, is_inverse, target_id) VALUES ('EQUALS', 'campaign_name', 'CD26082_', false, 174);
INSERT INTO commercials (id, amount, date_start, date_end, offer_id, media_source, event_type, type) VALUES (175, 6, '2016-01-01', '2017-01-01', 'id586634331', 'mundomedia_int', 'INSTALL', 'PAYOUT');
INSERT INTO targets (id, commercial_id, is_active) VALUES (175, 175, true);
INSERT INTO target_conditions (operator, field_name, field_value, is_inverse, target_id) VALUES ('EQUALS', 'campaign_name', 'Mundomedia_USA_iOS_CD33498', false, 175);
INSERT INTO commercials (id, amount, date_start, date_end, offer_id, media_source, event_type, type) VALUES (176, 3, '2016-01-01', '2017-01-01', 'com.pacificinteractive.HouseOfFun', 'mundomedia_int', 'INSTALL', 'PAYOUT');
INSERT INTO targets (id, commercial_id, is_active) VALUES (176, 176, true);
INSERT INTO target_conditions (operator, field_name, field_value, is_inverse, target_id) VALUES ('EQUALS', 'campaign_name', 'Mundo_AU_Android_CD5', false, 176);
INSERT INTO commercials (id, amount, date_start, date_end, offer_id, media_source, event_type, type) VALUES (177, 3, '2016-01-01', '2017-01-01', 'com.pacificinteractive.HouseOfFun', 'mundomedia_int', 'INSTALL', 'PAYOUT');
INSERT INTO targets (id, commercial_id, is_active) VALUES (177, 177, true);
INSERT INTO target_conditions (operator, field_name, field_value, is_inverse, target_id) VALUES ('EQUALS', 'campaign_name', 'Mundo_AU_Android', false, 177);
INSERT INTO commercials (id, amount, date_start, date_end, offer_id, media_source, event_type, type) VALUES (178, 3, '2016-01-01', '2017-01-01', 'com.pacificinteractive.HouseOfFun', 'mundomedia_int', 'INSTALL', 'PAYOUT');
INSERT INTO targets (id, commercial_id, is_active) VALUES (178, 178, true);
INSERT INTO target_conditions (operator, field_name, field_value, is_inverse, target_id) VALUES ('EQUALS', 'campaign_name', 'Mundo_AU_Android_CD31422', false, 178);
INSERT INTO commercials (id, amount, date_start, date_end, offer_id, media_source, event_type, type) VALUES (179, 3, '2016-01-01', '2017-01-01', 'com.pacificinteractive.HouseOfFun', 'mundomedia_int', 'INSTALL', 'PAYOUT');
INSERT INTO targets (id, commercial_id, is_active) VALUES (179, 179, true);
INSERT INTO target_conditions (operator, field_name, field_value, is_inverse, target_id) VALUES ('EQUALS', 'campaign_name', 'Mundo_USA_Android', false, 179);
INSERT INTO commercials (id, amount, date_start, date_end, offer_id, media_source, event_type, type) VALUES (180, 3, '2016-01-01', '2017-01-01', 'com.pacificinteractive.HouseOfFun', 'mundomedia_int', 'INSTALL', 'PAYOUT');
INSERT INTO targets (id, commercial_id, is_active) VALUES (180, 180, true);
INSERT INTO target_conditions (operator, field_name, field_value, is_inverse, target_id) VALUES ('EQUALS', 'campaign_name', 'Mundo_USA_Android_CD31422', false, 180);
INSERT INTO commercials (id, amount, date_start, date_end, offer_id, media_source, event_type, type) VALUES (181, 3, '2016-01-01', '2017-01-01', 'com.pacificinteractive.HouseOfFun', 'mundomedia_int', 'INSTALL', 'PAYOUT');
INSERT INTO targets (id, commercial_id, is_active) VALUES (181, 181, true);
INSERT INTO target_conditions (operator, field_name, field_value, is_inverse, target_id) VALUES ('EQUALS', 'campaign_name', 'Mundo_USA_Android_CD32171', false, 181);
INSERT INTO commercials (id, amount, date_start, date_end, offer_id, media_source, event_type, type) VALUES (182, 3, '2016-01-01', '2017-01-01', 'com.pacificinteractive.HouseOfFun', 'mundomedia_int', 'INSTALL', 'PAYOUT');
INSERT INTO targets (id, commercial_id, is_active) VALUES (182, 182, true);
INSERT INTO target_conditions (operator, field_name, field_value, is_inverse, target_id) VALUES ('EQUALS', 'campaign_name', 'Mundo_USA_Android_CD5', false, 182);
INSERT INTO commercials (id, amount, date_start, date_end, offer_id, media_source, event_type, type) VALUES (183, 2.25, '2016-01-01', '2017-01-01', 'com.pacificinteractive.HouseOfFun', 'blindferret_int', 'INSTALL', 'PAYOUT');
INSERT INTO targets (id, commercial_id, is_active) VALUES (183, 183, true);
INSERT INTO target_conditions (operator, field_name, field_value, is_inverse, target_id) VALUES ('EQUALS', 'campaign_name', 'Blindferret_USA_Android_Premium', false, 183);
INSERT INTO commercials (id, amount, date_start, date_end, offer_id, media_source, event_type, type) VALUES (184, 3, '2016-01-01', '2017-01-01', 'com.pacificinteractive.HouseOfFun', 'blindferret_int', 'INSTALL', 'PAYOUT');
INSERT INTO targets (id, commercial_id, is_active) VALUES (184, 184, true);
INSERT INTO target_conditions (operator, field_name, field_value, is_inverse, target_id) VALUES ('EQUALS', 'campaign_name', 'Blindferret_USA_Android_RON', false, 184);
INSERT INTO commercials (id, amount, date_start, date_end, offer_id, media_source, event_type, type) VALUES (185, 3, '2016-01-01', '2017-01-01', 'com.pacificinteractive.HouseOfFun', 'blindferret_int', 'INSTALL', 'PAYOUT');
INSERT INTO targets (id, commercial_id, is_active) VALUES (185, 185, true);
INSERT INTO target_conditions (operator, field_name, field_value, is_inverse, target_id) VALUES ('EQUALS', 'campaign_name', 'Blindferret_USA_Android_RON_1654', false, 185);
INSERT INTO commercials (id, amount, date_start, date_end, offer_id, media_source, event_type, type) VALUES (186, 3, '2016-01-01', '2017-01-01', 'com.pacificinteractive.HouseOfFun', 'blindferret_int', 'INSTALL', 'PAYOUT');
INSERT INTO targets (id, commercial_id, is_active) VALUES (186, 186, true);
INSERT INTO target_conditions (operator, field_name, field_value, is_inverse, target_id) VALUES ('EQUALS', 'campaign_name', 'Blindferret_USA_Android_RON_2453', false, 186);
INSERT INTO commercials (id, amount, date_start, date_end, offer_id, media_source, event_type, type) VALUES (187, 3, '2016-01-01', '2017-01-01', 'com.pacificinteractive.HouseOfFun', 'blindferret_int', 'INSTALL', 'PAYOUT');
INSERT INTO targets (id, commercial_id, is_active) VALUES (187, 187, true);
INSERT INTO target_conditions (operator, field_name, field_value, is_inverse, target_id) VALUES ('EQUALS', 'campaign_name', 'Blindferret_USA_Android_RON_2842', false, 187);
INSERT INTO commercials (id, amount, date_start, date_end, offer_id, media_source, event_type, type) VALUES (188, 3, '2016-01-01', '2017-01-01', 'com.pacificinteractive.HouseOfFun', 'blindferret_int', 'INSTALL', 'PAYOUT');
INSERT INTO targets (id, commercial_id, is_active) VALUES (188, 188, true);
INSERT INTO target_conditions (operator, field_name, field_value, is_inverse, target_id) VALUES ('EQUALS', 'campaign_name', 'Blindferret_USA_Android_RON_2854', false, 188);
INSERT INTO commercials (id, amount, date_start, date_end, offer_id, media_source, event_type, type) VALUES (189, 3, '2016-01-01', '2017-01-01', 'com.pacificinteractive.HouseOfFun', 'blindferret_int', 'INSTALL', 'PAYOUT');
INSERT INTO targets (id, commercial_id, is_active) VALUES (189, 189, true);
INSERT INTO target_conditions (operator, field_name, field_value, is_inverse, target_id) VALUES ('EQUALS', 'campaign_name', 'Blindferret_USA_Android_RON_3108', false, 189);
INSERT INTO commercials (id, amount, date_start, date_end, offer_id, media_source, event_type, type) VALUES (190, 5, '2016-01-01', '2017-01-01', 'id586634331', 'blindferret_int', 'INSTALL', 'PAYOUT');
INSERT INTO targets (id, commercial_id, is_active) VALUES (190, 190, true);
INSERT INTO target_conditions (operator, field_name, field_value, is_inverse, target_id) VALUES ('EQUALS', 'campaign_name', 'Blindferret_RON_iphone_3220', false, 190);
INSERT INTO commercials (id, amount, date_start, date_end, offer_id, media_source, event_type, type) VALUES (191, 7.5, '2016-01-01', '2017-01-01', 'id586634331', 'blindferret_int', 'INSTALL', 'PAYOUT');
INSERT INTO targets (id, commercial_id, is_active) VALUES (191, 191, true);
INSERT INTO target_conditions (operator, field_name, field_value, is_inverse, target_id) VALUES ('EQUALS', 'campaign_name', 'Blindferret_RON_ipad_3220', false, 191);
INSERT INTO commercials (id, amount, date_start, date_end, offer_id, media_source, event_type, type) VALUES (192, 6, '2016-01-01', '2017-01-01', 'id586634331', 'blindferret_int', 'INSTALL', 'PAYOUT');
INSERT INTO targets (id, commercial_id, is_active) VALUES (192, 192, true);
INSERT INTO target_conditions (operator, field_name, field_value, is_inverse, target_id) VALUES ('EQUALS', 'campaign_name', 'Blindferret_WL_US', false, 192);
INSERT INTO commercials (id, amount, date_start, date_end, offer_id, media_source, event_type, type) VALUES (193, 9, '2016-01-01', '2017-01-01', 'id586634331', 'applifier_int', 'INSTALL', 'PAYOUT');
INSERT INTO targets (id, commercial_id, is_active) VALUES (193, 193, true);
INSERT INTO target_conditions (operator, field_name, field_value, is_inverse, target_id) VALUES ('EQUALS', 'campaign_name', 'Unity_iPad_Australia_Target', false, 193);
INSERT INTO commercials (id, amount, date_start, date_end, offer_id, media_source, event_type, type) VALUES (194, 7.5, '2016-01-01', '2017-01-01', 'id586634331', 'applifier_int', 'INSTALL', 'PAYOUT');
INSERT INTO targets (id, commercial_id, is_active) VALUES (194, 194, true);
INSERT INTO target_conditions (operator, field_name, field_value, is_inverse, target_id) VALUES ('EQUALS', 'campaign_name', 'Unity_iPad_Canada_RON', false, 194);
INSERT INTO commercials (id, amount, date_start, date_end, offer_id, media_source, event_type, type) VALUES (195, 7.5, '2016-01-01', '2017-01-01', 'id586634331', 'applifier_int', 'INSTALL', 'PAYOUT');
INSERT INTO targets (id, commercial_id, is_active) VALUES (195, 195, true);
INSERT INTO target_conditions (operator, field_name, field_value, is_inverse, target_id) VALUES ('EQUALS', 'campaign_name', 'Unity_iPad_Canada_Target', false, 195);
INSERT INTO commercials (id, amount, date_start, date_end, offer_id, media_source, event_type, type) VALUES (196, 0.5, '2016-01-01', '2017-01-01', 'id586634331', 'applifier_int', 'INSTALL', 'PAYOUT');
INSERT INTO targets (id, commercial_id, is_active) VALUES (196, 196, true);
INSERT INTO target_conditions (operator, field_name, field_value, is_inverse, target_id) VALUES ('EQUALS', 'campaign_name', 'Unity_iPad_ROW1_RON', false, 196);
INSERT INTO commercials (id, amount, date_start, date_end, offer_id, media_source, event_type, type) VALUES (197, 0.8, '2016-01-01', '2017-01-01', 'id586634331', 'applifier_int', 'INSTALL', 'PAYOUT');
INSERT INTO targets (id, commercial_id, is_active) VALUES (197, 197, true);
INSERT INTO target_conditions (operator, field_name, field_value, is_inverse, target_id) VALUES ('EQUALS', 'campaign_name', 'Unity_iPad_ROW1_Target', false, 197);
INSERT INTO commercials (id, amount, date_start, date_end, offer_id, media_source, event_type, type) VALUES (198, 0.75, '2016-01-01', '2017-01-01', 'id586634331', 'applifier_int', 'INSTALL', 'PAYOUT');
INSERT INTO targets (id, commercial_id, is_active) VALUES (198, 198, true);
INSERT INTO target_conditions (operator, field_name, field_value, is_inverse, target_id) VALUES ('EQUALS', 'campaign_name', 'Unity_iPad_ROW2_RON', false, 198);
INSERT INTO commercials (id, amount, date_start, date_end, offer_id, media_source, event_type, type) VALUES (199, 0.85, '2016-01-01', '2017-01-01', 'id586634331', 'applifier_int', 'INSTALL', 'PAYOUT');
INSERT INTO targets (id, commercial_id, is_active) VALUES (199, 199, true);
INSERT INTO target_conditions (operator, field_name, field_value, is_inverse, target_id) VALUES ('EQUALS', 'campaign_name', 'Unity_iPad_ROW2_Target', false, 199);
INSERT INTO commercials (id, amount, date_start, date_end, offer_id, media_source, event_type, type) VALUES (200, 5, '2016-01-01', '2017-01-01', 'id586634331', 'applifier_int', 'INSTALL', 'PAYOUT');
INSERT INTO targets (id, commercial_id, is_active) VALUES (200, 200, true);
INSERT INTO target_conditions (operator, field_name, field_value, is_inverse, target_id) VALUES ('EQUALS', 'campaign_name', 'Unity_iPad_SouthAfrica_RON', false, 200);
INSERT INTO commercials (id, amount, date_start, date_end, offer_id, media_source, event_type, type) VALUES (201, 5, '2016-01-01', '2017-01-01', 'id586634331', 'applifier_int', 'INSTALL', 'PAYOUT');
INSERT INTO targets (id, commercial_id, is_active) VALUES (201, 201, true);
INSERT INTO target_conditions (operator, field_name, field_value, is_inverse, target_id) VALUES ('EQUALS', 'campaign_name', 'Unity_iPad_SouthAfrica_Target', false, 201);
INSERT INTO commercials (id, amount, date_start, date_end, offer_id, media_source, event_type, type) VALUES (202, 6, '2016-01-01', '2017-01-01', 'id586634331', 'applifier_int', 'INSTALL', 'PAYOUT');
INSERT INTO targets (id, commercial_id, is_active) VALUES (202, 202, true);
INSERT INTO target_conditions (operator, field_name, field_value, is_inverse, target_id) VALUES ('EQUALS', 'campaign_name', 'Unity_iPad_USA_RON', false, 202);
INSERT INTO commercials (id, amount, date_start, date_end, offer_id, media_source, event_type, type) VALUES (203, 5.5, '2016-01-01', '2017-01-01', 'id586634331', 'applifier_int', 'INSTALL', 'PAYOUT');
INSERT INTO targets (id, commercial_id, is_active) VALUES (203, 203, true);
INSERT INTO target_conditions (operator, field_name, field_value, is_inverse, target_id) VALUES ('EQUALS', 'campaign_name', 'Unity_iPad_USA_Target', false, 203);
INSERT INTO commercials (id, amount, date_start, date_end, offer_id, media_source, event_type, type) VALUES (204, 3.5, '2016-01-01', '2017-01-01', 'id586634331', 'applifier_int', 'INSTALL', 'PAYOUT');
INSERT INTO targets (id, commercial_id, is_active) VALUES (204, 204, true);
INSERT INTO target_conditions (operator, field_name, field_value, is_inverse, target_id) VALUES ('EQUALS', 'campaign_name', 'Unity_iPad_WestEurope_RON', false, 204);
INSERT INTO commercials (id, amount, date_start, date_end, offer_id, media_source, event_type, type) VALUES (205, 3.5, '2016-01-01', '2017-01-01', 'id586634331', 'applifier_int', 'INSTALL', 'PAYOUT');
INSERT INTO targets (id, commercial_id, is_active) VALUES (205, 205, true);
INSERT INTO target_conditions (operator, field_name, field_value, is_inverse, target_id) VALUES ('EQUALS', 'campaign_name', 'Unity_iPad_WestEurope_Target', false, 205);
INSERT INTO commercials (id, amount, date_start, date_end, offer_id, media_source, event_type, type) VALUES (206, 7.5, '2016-01-01', '2017-01-01', 'id586634331', 'applifier_int', 'INSTALL', 'PAYOUT');
INSERT INTO targets (id, commercial_id, is_active) VALUES (206, 206, true);
INSERT INTO target_conditions (operator, field_name, field_value, is_inverse, target_id) VALUES ('EQUALS', 'campaign_name', 'Unity_iPhone6_USA_RON', false, 206);
INSERT INTO commercials (id, amount, date_start, date_end, offer_id, media_source, event_type, type) VALUES (207, 6, '2016-01-01', '2017-01-01', 'id586634331', 'applifier_int', 'INSTALL', 'PAYOUT');
INSERT INTO targets (id, commercial_id, is_active) VALUES (207, 207, true);
INSERT INTO target_conditions (operator, field_name, field_value, is_inverse, target_id) VALUES ('EQUALS', 'campaign_name', 'Unity_iPhone6_USA_Target', false, 207);
INSERT INTO commercials (id, amount, date_start, date_end, offer_id, media_source, event_type, type) VALUES (208, 8, '2016-01-01', '2017-01-01', 'id586634331', 'applifier_int', 'INSTALL', 'PAYOUT');
INSERT INTO targets (id, commercial_id, is_active) VALUES (208, 208, true);
INSERT INTO target_conditions (operator, field_name, field_value, is_inverse, target_id) VALUES ('EQUALS', 'campaign_name', 'Unity_iPhone_Australia_RON', false, 208);
INSERT INTO commercials (id, amount, date_start, date_end, offer_id, media_source, event_type, type) VALUES (209, 8, '2016-01-01', '2017-01-01', 'id586634331', 'applifier_int', 'INSTALL', 'PAYOUT');
INSERT INTO targets (id, commercial_id, is_active) VALUES (209, 209, true);
INSERT INTO target_conditions (operator, field_name, field_value, is_inverse, target_id) VALUES ('EQUALS', 'campaign_name', 'Unity_iPhone_Australia_Target', false, 209);
INSERT INTO commercials (id, amount, date_start, date_end, offer_id, media_source, event_type, type) VALUES (210, 6.5, '2016-01-01', '2017-01-01', 'id586634331', 'applifier_int', 'INSTALL', 'PAYOUT');
INSERT INTO targets (id, commercial_id, is_active) VALUES (210, 210, true);
INSERT INTO target_conditions (operator, field_name, field_value, is_inverse, target_id) VALUES ('EQUALS', 'campaign_name', 'Unity_iPhone_Canada_RON', false, 210);
INSERT INTO commercials (id, amount, date_start, date_end, offer_id, media_source, event_type, type) VALUES (211, 6.5, '2016-01-01', '2017-01-01', 'id586634331', 'applifier_int', 'INSTALL', 'PAYOUT');
INSERT INTO targets (id, commercial_id, is_active) VALUES (211, 211, true);
INSERT INTO target_conditions (operator, field_name, field_value, is_inverse, target_id) VALUES ('EQUALS', 'campaign_name', 'Unity_iPhone_Canada_Target', false, 211);
INSERT INTO commercials (id, amount, date_start, date_end, offer_id, media_source, event_type, type) VALUES (212, 6.5, '2016-01-01', '2017-01-01', 'id586634331', 'applifier_int', 'INSTALL', 'PAYOUT');
INSERT INTO targets (id, commercial_id, is_active) VALUES (212, 212, true);
INSERT INTO target_conditions (operator, field_name, field_value, is_inverse, target_id) VALUES ('EQUALS', 'campaign_name', 'Unity_iPhone_Denmark_RON', false, 212);
INSERT INTO commercials (id, amount, date_start, date_end, offer_id, media_source, event_type, type) VALUES (213, 6, '2016-01-01', '2017-01-01', 'id586634331', 'applifier_int', 'INSTALL', 'PAYOUT');
INSERT INTO targets (id, commercial_id, is_active) VALUES (213, 213, true);
INSERT INTO target_conditions (operator, field_name, field_value, is_inverse, target_id) VALUES ('EQUALS', 'campaign_name', 'Unity_iPhone_NewZealand_RON', false, 213);
INSERT INTO commercials (id, amount, date_start, date_end, offer_id, media_source, event_type, type) VALUES (214, 6, '2016-01-01', '2017-01-01', 'id586634331', 'applifier_int', 'INSTALL', 'PAYOUT');
INSERT INTO targets (id, commercial_id, is_active) VALUES (214, 214, true);
INSERT INTO target_conditions (operator, field_name, field_value, is_inverse, target_id) VALUES ('EQUALS', 'campaign_name', 'Unity_iPhone_NewZealand_Target', false, 214);
INSERT INTO commercials (id, amount, date_start, date_end, offer_id, media_source, event_type, type) VALUES (215, 0.5, '2016-01-01', '2017-01-01', 'id586634331', 'applifier_int', 'INSTALL', 'PAYOUT');
INSERT INTO targets (id, commercial_id, is_active) VALUES (215, 215, true);
INSERT INTO target_conditions (operator, field_name, field_value, is_inverse, target_id) VALUES ('EQUALS', 'campaign_name', 'Unity_iPhone_ROW1_RON', false, 215);
INSERT INTO commercials (id, amount, date_start, date_end, offer_id, media_source, event_type, type) VALUES (216, 0.5, '2016-01-01', '2017-01-01', 'id586634331', 'applifier_int', 'INSTALL', 'PAYOUT');
INSERT INTO targets (id, commercial_id, is_active) VALUES (216, 216, true);
INSERT INTO target_conditions (operator, field_name, field_value, is_inverse, target_id) VALUES ('EQUALS', 'campaign_name', 'Unity_iPhone_ROW1_Target', false, 216);
INSERT INTO commercials (id, amount, date_start, date_end, offer_id, media_source, event_type, type) VALUES (217, 0.5, '2016-01-01', '2017-01-01', 'id586634331', 'applifier_int', 'INSTALL', 'PAYOUT');
INSERT INTO targets (id, commercial_id, is_active) VALUES (217, 217, true);
INSERT INTO target_conditions (operator, field_name, field_value, is_inverse, target_id) VALUES ('EQUALS', 'campaign_name', 'Unity_iPhone_ROW2_RON', false, 217);
INSERT INTO commercials (id, amount, date_start, date_end, offer_id, media_source, event_type, type) VALUES (218, 1.2, '2016-01-01', '2017-01-01', 'id586634331', 'applifier_int', 'INSTALL', 'PAYOUT');
INSERT INTO targets (id, commercial_id, is_active) VALUES (218, 218, true);
INSERT INTO target_conditions (operator, field_name, field_value, is_inverse, target_id) VALUES ('EQUALS', 'campaign_name', 'Unity_iPhone_ROW2_Target', false, 218);
INSERT INTO commercials (id, amount, date_start, date_end, offer_id, media_source, event_type, type) VALUES (219, 2, '2016-01-01', '2017-01-01', 'id586634331', 'applifier_int', 'INSTALL', 'PAYOUT');
INSERT INTO targets (id, commercial_id, is_active) VALUES (219, 219, true);
INSERT INTO target_conditions (operator, field_name, field_value, is_inverse, target_id) VALUES ('EQUALS', 'campaign_name', 'Unity_iPhone_ROW3_RON', false, 219);
INSERT INTO commercials (id, amount, date_start, date_end, offer_id, media_source, event_type, type) VALUES (220, 7.5, '2016-01-01', '2017-01-01', 'id586634331', 'applifier_int', 'INSTALL', 'PAYOUT');
INSERT INTO targets (id, commercial_id, is_active) VALUES (220, 220, true);
INSERT INTO target_conditions (operator, field_name, field_value, is_inverse, target_id) VALUES ('EQUALS', 'campaign_name', 'Unity_iPhone_SouthAfrica_RON', false, 220);
INSERT INTO commercials (id, amount, date_start, date_end, offer_id, media_source, event_type, type) VALUES (221, 7.5, '2016-01-01', '2017-01-01', 'id586634331', 'applifier_int', 'INSTALL', 'PAYOUT');
INSERT INTO targets (id, commercial_id, is_active) VALUES (221, 221, true);
INSERT INTO target_conditions (operator, field_name, field_value, is_inverse, target_id) VALUES ('EQUALS', 'campaign_name', 'Unity_iPhone_SouthAfrica_Target', false, 221);
INSERT INTO commercials (id, amount, date_start, date_end, offer_id, media_source, event_type, type) VALUES (222, 7.5, '2016-01-01', '2017-01-01', 'id586634331', 'applifier_int', 'INSTALL', 'PAYOUT');
INSERT INTO targets (id, commercial_id, is_active) VALUES (222, 222, true);
INSERT INTO target_conditions (operator, field_name, field_value, is_inverse, target_id) VALUES ('EQUALS', 'campaign_name', 'Unity_iPhone_Switzerland_RON', false, 222);
INSERT INTO commercials (id, amount, date_start, date_end, offer_id, media_source, event_type, type) VALUES (223, 7.5, '2016-01-01', '2017-01-01', 'id586634331', 'applifier_int', 'INSTALL', 'PAYOUT');
INSERT INTO targets (id, commercial_id, is_active) VALUES (223, 223, true);
INSERT INTO target_conditions (operator, field_name, field_value, is_inverse, target_id) VALUES ('EQUALS', 'campaign_name', 'Unity_iPhone_Switzerland_Target', false, 223);
INSERT INTO commercials (id, amount, date_start, date_end, offer_id, media_source, event_type, type) VALUES (224, 7, '2016-01-01', '2017-01-01', 'id586634331', 'applifier_int', 'INSTALL', 'PAYOUT');
INSERT INTO targets (id, commercial_id, is_active) VALUES (224, 224, true);
INSERT INTO target_conditions (operator, field_name, field_value, is_inverse, target_id) VALUES ('EQUALS', 'campaign_name', 'Unity_iPhone_USA_RON', false, 224);
INSERT INTO commercials (id, amount, date_start, date_end, offer_id, media_source, event_type, type) VALUES (225, 7, '2016-01-01', '2017-01-01', 'id586634331', 'applifier_int', 'INSTALL', 'PAYOUT');
INSERT INTO targets (id, commercial_id, is_active) VALUES (225, 225, true);
INSERT INTO target_conditions (operator, field_name, field_value, is_inverse, target_id) VALUES ('EQUALS', 'campaign_name', 'Unity_iPhone_USA_Target', false, 225);
INSERT INTO commercials (id, amount, date_start, date_end, offer_id, media_source, event_type, type) VALUES (226, 7, '2016-01-01', '2017-01-01', 'id586634331', 'applifier_int', 'INSTALL', 'PAYOUT');
INSERT INTO targets (id, commercial_id, is_active) VALUES (226, 226, true);
INSERT INTO target_conditions (operator, field_name, field_value, is_inverse, target_id) VALUES ('EQUALS', 'campaign_name', 'Unity_iPhone_WestEurope_Target', false, 226);
INSERT INTO commercials (id, amount, date_start, date_end, offer_id, media_source, event_type, type) VALUES (227, 9, '2016-01-01', '2017-01-01', 'id586634331', 'applifier_int', 'INSTALL', 'PAYOUT');
INSERT INTO targets (id, commercial_id, is_active) VALUES (227, 227, true);
INSERT INTO target_conditions (operator, field_name, field_value, is_inverse, target_id) VALUES ('EQUALS', 'campaign_name', 'House of Fun (iPad) - AU RON', false, 227);
INSERT INTO commercials (id, amount, date_start, date_end, offer_id, media_source, event_type, type) VALUES (228, 9, '2016-01-01', '2017-01-01', 'id586634331', 'applifier_int', 'INSTALL', 'PAYOUT');
INSERT INTO targets (id, commercial_id, is_active) VALUES (228, 228, true);
INSERT INTO target_conditions (operator, field_name, field_value, is_inverse, target_id) VALUES ('EQUALS', 'campaign_name', 'House of Fun (iPad) - AU Targeted', false, 228);
INSERT INTO commercials (id, amount, date_start, date_end, offer_id, media_source, event_type, type) VALUES (229, 7.5, '2016-01-01', '2017-01-01', 'id586634331', 'applifier_int', 'INSTALL', 'PAYOUT');
INSERT INTO targets (id, commercial_id, is_active) VALUES (229, 229, true);
INSERT INTO target_conditions (operator, field_name, field_value, is_inverse, target_id) VALUES ('EQUALS', 'campaign_name', 'House of Fun (iPad) - CA RON', false, 229);
INSERT INTO commercials (id, amount, date_start, date_end, offer_id, media_source, event_type, type) VALUES (230, 0.5, '2016-01-01', '2017-01-01', 'id586634331', 'applifier_int', 'INSTALL', 'PAYOUT');
INSERT INTO targets (id, commercial_id, is_active) VALUES (230, 230, true);
INSERT INTO target_conditions (operator, field_name, field_value, is_inverse, target_id) VALUES ('EQUALS', 'campaign_name', 'House of Fun (iPad) - ROW1 RON', false, 230);
INSERT INTO commercials (id, amount, date_start, date_end, offer_id, media_source, event_type, type) VALUES (231, 0.8, '2016-01-01', '2017-01-01', 'id586634331', 'applifier_int', 'INSTALL', 'PAYOUT');
INSERT INTO targets (id, commercial_id, is_active) VALUES (231, 231, true);
INSERT INTO target_conditions (operator, field_name, field_value, is_inverse, target_id) VALUES ('EQUALS', 'campaign_name', 'House of Fun (iPad) - ROW1 Targeted', false, 231);
INSERT INTO commercials (id, amount, date_start, date_end, offer_id, media_source, event_type, type) VALUES (232, 0.75, '2016-01-01', '2017-01-01', 'id586634331', 'applifier_int', 'INSTALL', 'PAYOUT');
INSERT INTO targets (id, commercial_id, is_active) VALUES (232, 232, true);
INSERT INTO target_conditions (operator, field_name, field_value, is_inverse, target_id) VALUES ('EQUALS', 'campaign_name', 'House of Fun (iPad) - ROW2 (top performing)  RON', false, 232);
INSERT INTO commercials (id, amount, date_start, date_end, offer_id, media_source, event_type, type) VALUES (233, 5, '2016-01-01', '2017-01-01', 'id586634331', 'applifier_int', 'INSTALL', 'PAYOUT');
INSERT INTO targets (id, commercial_id, is_active) VALUES (233, 233, true);
INSERT INTO target_conditions (operator, field_name, field_value, is_inverse, target_id) VALUES ('EQUALS', 'campaign_name', 'House of Fun (iPad) - ZA RON', false, 233);
INSERT INTO commercials (id, amount, date_start, date_end, offer_id, media_source, event_type, type) VALUES (234, 6.5, '2016-01-01', '2017-01-01', 'id586634331', 'applifier_int', 'INSTALL', 'PAYOUT');
INSERT INTO targets (id, commercial_id, is_active) VALUES (234, 234, true);
INSERT INTO target_conditions (operator, field_name, field_value, is_inverse, target_id) VALUES ('EQUALS', 'campaign_name', 'House of Fun (iPhone 6+) - US Targeted', false, 234);
INSERT INTO commercials (id, amount, date_start, date_end, offer_id, media_source, event_type, type) VALUES (235, 6.5, '2016-01-01', '2017-01-01', 'id586634331', 'applifier_int', 'INSTALL', 'PAYOUT');
INSERT INTO targets (id, commercial_id, is_active) VALUES (235, 235, true);
INSERT INTO target_conditions (operator, field_name, field_value, is_inverse, target_id) VALUES ('EQUALS', 'campaign_name', 'House of Fun (iPhone) - CA RON', false, 235);
INSERT INTO commercials (id, amount, date_start, date_end, offer_id, media_source, event_type, type) VALUES (236, 6.5, '2016-01-01', '2017-01-01', 'id586634331', 'applifier_int', 'INSTALL', 'PAYOUT');
INSERT INTO targets (id, commercial_id, is_active) VALUES (236, 236, true);
INSERT INTO target_conditions (operator, field_name, field_value, is_inverse, target_id) VALUES ('EQUALS', 'campaign_name', 'House of Fun (iPhone) - CA Targeted', false, 236);
INSERT INTO commercials (id, amount, date_start, date_end, offer_id, media_source, event_type, type) VALUES (237, 7.5, '2016-01-01', '2017-01-01', 'id586634331', 'applifier_int', 'INSTALL', 'PAYOUT');
INSERT INTO targets (id, commercial_id, is_active) VALUES (237, 237, true);
INSERT INTO target_conditions (operator, field_name, field_value, is_inverse, target_id) VALUES ('EQUALS', 'campaign_name', 'House of Fun (iPhone) - CH RON', false, 237);
INSERT INTO commercials (id, amount, date_start, date_end, offer_id, media_source, event_type, type) VALUES (238, 6, '2016-01-01', '2017-01-01', 'id586634331', 'applifier_int', 'INSTALL', 'PAYOUT');
INSERT INTO targets (id, commercial_id, is_active) VALUES (238, 238, true);
INSERT INTO target_conditions (operator, field_name, field_value, is_inverse, target_id) VALUES ('EQUALS', 'campaign_name', 'House of Fun (iPhone) - NZ RON', false, 238);
INSERT INTO commercials (id, amount, date_start, date_end, offer_id, media_source, event_type, type) VALUES (239, 0.5, '2016-01-01', '2017-01-01', 'id586634331', 'applifier_int', 'INSTALL', 'PAYOUT');
INSERT INTO targets (id, commercial_id, is_active) VALUES (239, 239, true);
INSERT INTO target_conditions (operator, field_name, field_value, is_inverse, target_id) VALUES ('EQUALS', 'campaign_name', 'House of Fun (iPhone) - ROW1 RON', false, 239);
INSERT INTO commercials (id, amount, date_start, date_end, offer_id, media_source, event_type, type) VALUES (240, 0.65, '2016-01-01', '2017-01-01', 'id586634331', 'applifier_int', 'INSTALL', 'PAYOUT');
INSERT INTO targets (id, commercial_id, is_active) VALUES (240, 240, true);
INSERT INTO target_conditions (operator, field_name, field_value, is_inverse, target_id) VALUES ('EQUALS', 'campaign_name', 'House of Fun (iPhone) - ROW1 Targeted', false, 240);
INSERT INTO commercials (id, amount, date_start, date_end, offer_id, media_source, event_type, type) VALUES (241, 1.6, '2016-01-01', '2017-01-01', 'id586634331', 'applifier_int', 'INSTALL', 'PAYOUT');
INSERT INTO targets (id, commercial_id, is_active) VALUES (241, 241, true);
INSERT INTO target_conditions (operator, field_name, field_value, is_inverse, target_id) VALUES ('EQUALS', 'campaign_name', 'House of Fun (iPhone) - ROW2 (top performing) RON', false, 241);
INSERT INTO commercials (id, amount, date_start, date_end, offer_id, media_source, event_type, type) VALUES (242, 1, '2016-01-01', '2017-01-01', 'id586634331', 'applifier_int', 'INSTALL', 'PAYOUT');
INSERT INTO targets (id, commercial_id, is_active) VALUES (242, 242, true);
INSERT INTO target_conditions (operator, field_name, field_value, is_inverse, target_id) VALUES ('EQUALS', 'campaign_name', 'House of Fun (iPhone) - ROW2 (top performing) Targeted', false, 242);
INSERT INTO commercials (id, amount, date_start, date_end, offer_id, media_source, event_type, type) VALUES (243, 2, '2016-01-01', '2017-01-01', 'id586634331', 'applifier_int', 'INSTALL', 'PAYOUT');
INSERT INTO targets (id, commercial_id, is_active) VALUES (243, 243, true);
INSERT INTO target_conditions (operator, field_name, field_value, is_inverse, target_id) VALUES ('EQUALS', 'campaign_name', 'House of Fun (iPhone) - ROW3 RON', false, 243);
INSERT INTO commercials (id, amount, date_start, date_end, offer_id, media_source, event_type, type) VALUES (244, 3, '2016-01-01', '2017-01-01', 'id586634331', 'applifier_int', 'INSTALL', 'PAYOUT');
INSERT INTO targets (id, commercial_id, is_active) VALUES (244, 244, true);
INSERT INTO target_conditions (operator, field_name, field_value, is_inverse, target_id) VALUES ('EQUALS', 'campaign_name', 'House of Fun (iPhone) - WestEurope Targeted', false, 244);
INSERT INTO commercials (id, amount, date_start, date_end, offer_id, media_source, event_type, type) VALUES (245, 7.5, '2016-01-01', '2017-01-01', 'id586634331', 'applifier_int', 'INSTALL', 'PAYOUT');
INSERT INTO targets (id, commercial_id, is_active) VALUES (245, 245, true);
INSERT INTO target_conditions (operator, field_name, field_value, is_inverse, target_id) VALUES ('EQUALS', 'campaign_name', 'House of Fun (iPhone) - ZA RON', false, 245);
INSERT INTO commercials (id, amount, date_start, date_end, offer_id, media_source, event_type, type) VALUES (246, 8, '2016-01-01', '2017-01-01', 'id586634331', 'applifier_int', 'INSTALL', 'PAYOUT');
INSERT INTO targets (id, commercial_id, is_active) VALUES (246, 246, true);
INSERT INTO target_conditions (operator, field_name, field_value, is_inverse, target_id) VALUES ('EQUALS', 'campaign_name', 'House of Fun (iPhone<6) - AU RON', false, 246);
INSERT INTO commercials (id, amount, date_start, date_end, offer_id, media_source, event_type, type) VALUES (247, 6, '2016-01-01', '2017-01-01', 'id586634331', 'applifier_int', 'INSTALL', 'PAYOUT');
INSERT INTO targets (id, commercial_id, is_active) VALUES (247, 247, true);
INSERT INTO target_conditions (operator, field_name, field_value, is_inverse, target_id) VALUES ('EQUALS', 'campaign_name', 'House of Fun (iPhone<6) - US RON', false, 247);
INSERT INTO commercials (id, amount, date_start, date_end, offer_id, media_source, event_type, type) VALUES (248, 9, '2016-01-01', '2017-01-01', 'id586634331', 'applifier_int', 'INSTALL', 'PAYOUT');
INSERT INTO targets (id, commercial_id, is_active) VALUES (248, 248, true);
INSERT INTO target_conditions (operator, field_name, field_value, is_inverse, target_id) VALUES ('EQUALS', 'campaign_name', 'House of Fun (iPhone6+) - AU RON', false, 248);
INSERT INTO commercials (id, amount, date_start, date_end, offer_id, media_source, event_type, type) VALUES (249, 7, '2016-01-01', '2017-01-01', 'id586634331', 'applifier_int', 'INSTALL', 'PAYOUT');
INSERT INTO targets (id, commercial_id, is_active) VALUES (249, 249, true);
INSERT INTO target_conditions (operator, field_name, field_value, is_inverse, target_id) VALUES ('EQUALS', 'campaign_name', 'House of Fun (iPhone6+) - US RON', false, 249);
INSERT INTO commercials (id, amount, date_start, date_end, offer_id, media_source, event_type, type) VALUES (250, 8, '2016-01-01', '2017-01-01', 'com.pacificinteractive.HouseOfFun', 'applifier_int', 'INSTALL', 'PAYOUT');
INSERT INTO targets (id, commercial_id, is_active) VALUES (250, 250, true);
INSERT INTO target_conditions (operator, field_name, field_value, is_inverse, target_id) VALUES ('EQUALS', 'campaign_name', 'Unity_Android_Australia_RON', false, 250);
INSERT INTO commercials (id, amount, date_start, date_end, offer_id, media_source, event_type, type) VALUES (251, 6, '2016-01-01', '2017-01-01', 'com.pacificinteractive.HouseOfFun', 'applifier_int', 'INSTALL', 'PAYOUT');
INSERT INTO targets (id, commercial_id, is_active) VALUES (251, 251, true);
INSERT INTO target_conditions (operator, field_name, field_value, is_inverse, target_id) VALUES ('EQUALS', 'campaign_name', 'Slots - House of Fun (Android) - AU RON LR', false, 251);
INSERT INTO commercials (id, amount, date_start, date_end, offer_id, media_source, event_type, type) VALUES (252, 3, '2016-01-01', '2017-01-01', 'com.pacificinteractive.HouseOfFun', 'applifier_int', 'INSTALL', 'PAYOUT');
INSERT INTO targets (id, commercial_id, is_active) VALUES (252, 252, true);
INSERT INTO target_conditions (operator, field_name, field_value, is_inverse, target_id) VALUES ('EQUALS', 'campaign_name', 'Unity_Android_Australia_RON_LR', false, 252);
INSERT INTO commercials (id, amount, date_start, date_end, offer_id, media_source, event_type, type) VALUES (253, 5, '2016-01-01', '2017-01-01', 'com.pacificinteractive.HouseOfFun', 'applifier_int', 'INSTALL', 'PAYOUT');
INSERT INTO targets (id, commercial_id, is_active) VALUES (253, 253, true);
INSERT INTO target_conditions (operator, field_name, field_value, is_inverse, target_id) VALUES ('EQUALS', 'campaign_name', 'Slots - House of Fun (Android) - JP RON', false, 253);
INSERT INTO commercials (id, amount, date_start, date_end, offer_id, media_source, event_type, type) VALUES (254, 0.4, '2016-01-01', '2017-01-01', 'com.pacificinteractive.HouseOfFun', 'applifier_int', 'INSTALL', 'PAYOUT');
INSERT INTO targets (id, commercial_id, is_active) VALUES (254, 254, true);
INSERT INTO target_conditions (operator, field_name, field_value, is_inverse, target_id) VALUES ('EQUALS', 'campaign_name', 'Slots - House of Fun (Android) - ROW1 RON', false, 254);
INSERT INTO commercials (id, amount, date_start, date_end, offer_id, media_source, event_type, type) VALUES (255, 0.5, '2016-01-01', '2017-01-01', 'com.pacificinteractive.HouseOfFun', 'applifier_int', 'INSTALL', 'PAYOUT');
INSERT INTO targets (id, commercial_id, is_active) VALUES (255, 255, true);
INSERT INTO target_conditions (operator, field_name, field_value, is_inverse, target_id) VALUES ('EQUALS', 'campaign_name', 'Slots - House of Fun (Android) - ROW1 Targeted', false, 255);
INSERT INTO commercials (id, amount, date_start, date_end, offer_id, media_source, event_type, type) VALUES (256, 0.85, '2016-01-01', '2017-01-01', 'com.pacificinteractive.HouseOfFun', 'applifier_int', 'INSTALL', 'PAYOUT');
INSERT INTO targets (id, commercial_id, is_active) VALUES (256, 256, true);
INSERT INTO target_conditions (operator, field_name, field_value, is_inverse, target_id) VALUES ('EQUALS', 'campaign_name', 'Slots - House of Fun (Android) - ROW2 RON', false, 256);
INSERT INTO commercials (id, amount, date_start, date_end, offer_id, media_source, event_type, type) VALUES (257, 4.8, '2016-01-01', '2017-01-01', 'com.pacificinteractive.HouseOfFun', 'applifier_int', 'INSTALL', 'PAYOUT');
INSERT INTO targets (id, commercial_id, is_active) VALUES (257, 257, true);
INSERT INTO target_conditions (operator, field_name, field_value, is_inverse, target_id) VALUES ('EQUALS', 'campaign_name', 'Slots - House of Fun (Android) - US RON', false, 257);
INSERT INTO commercials (id, amount, date_start, date_end, offer_id, media_source, event_type, type) VALUES (258, 3, '2016-01-01', '2017-01-01', 'com.pacificinteractive.HouseOfFun', 'applifier_int', 'INSTALL', 'PAYOUT');
INSERT INTO targets (id, commercial_id, is_active) VALUES (258, 258, true);
INSERT INTO target_conditions (operator, field_name, field_value, is_inverse, target_id) VALUES ('EQUALS', 'campaign_name', 'Slots - House of Fun (Android) - US RON LR', false, 258);
INSERT INTO commercials (id, amount, date_start, date_end, offer_id, media_source, event_type, type) VALUES (259, 4.2, '2016-01-01', '2017-01-01', 'com.pacificinteractive.HouseOfFun', 'applifier_int', 'INSTALL', 'PAYOUT');
INSERT INTO targets (id, commercial_id, is_active) VALUES (259, 259, true);
INSERT INTO target_conditions (operator, field_name, field_value, is_inverse, target_id) VALUES ('EQUALS', 'campaign_name', 'Slots - House of Fun (Android) - US Targeted', false, 259);
INSERT INTO commercials (id, amount, date_start, date_end, offer_id, media_source, event_type, type) VALUES (260, 4.2, '2016-01-01', '2017-01-01', 'com.pacificinteractive.HouseOfFun', 'applifier_int', 'INSTALL', 'PAYOUT');
INSERT INTO targets (id, commercial_id, is_active) VALUES (260, 260, true);
INSERT INTO target_conditions (operator, field_name, field_value, is_inverse, target_id) VALUES ('EQUALS', 'campaign_name', 'Slots - House of Fun (Android) - US Targeted LR', false, 260);
INSERT INTO commercials (id, amount, date_start, date_end, offer_id, media_source, event_type, type) VALUES (261, 3.5, '2016-01-01', '2017-01-01', 'com.pacificinteractive.HouseOfFun', 'applifier_int', 'INSTALL', 'PAYOUT');
INSERT INTO targets (id, commercial_id, is_active) VALUES (261, 261, true);
INSERT INTO target_conditions (operator, field_name, field_value, is_inverse, target_id) VALUES ('EQUALS', 'campaign_name', 'Unity_Android_USA_RON', false, 261);
INSERT INTO commercials (id, amount, date_start, date_end, offer_id, media_source, event_type, type) VALUES (262, 6, '2016-01-01', '2017-01-01', 'com.pacificinteractive.HouseOfFun', 'applifier_int', 'INSTALL', 'PAYOUT');
INSERT INTO targets (id, commercial_id, is_active) VALUES (262, 262, true);
INSERT INTO target_conditions (operator, field_name, field_value, is_inverse, target_id) VALUES ('EQUALS', 'campaign_name', 'Unity_Android_Australia_Target', false, 262);
INSERT INTO commercials (id, amount, date_start, date_end, offer_id, media_source, event_type, type) VALUES (263, 6, '2016-01-01', '2017-01-01', 'com.pacificinteractive.HouseOfFun', 'applifier_int', 'INSTALL', 'PAYOUT');
INSERT INTO targets (id, commercial_id, is_active) VALUES (263, 263, true);
INSERT INTO target_conditions (operator, field_name, field_value, is_inverse, target_id) VALUES ('EQUALS', 'campaign_name', 'Unity_Android_Australia_Target_LR', false, 263);
INSERT INTO commercials (id, amount, date_start, date_end, offer_id, media_source, event_type, type) VALUES (264, 3, '2016-01-01', '2017-01-01', 'com.pacificinteractive.HouseOfFun', 'applifier_int', 'INSTALL', 'PAYOUT');
INSERT INTO targets (id, commercial_id, is_active) VALUES (264, 264, true);
INSERT INTO target_conditions (operator, field_name, field_value, is_inverse, target_id) VALUES ('EQUALS', 'campaign_name', 'Unity_Android_Canada_RON', false, 264);
INSERT INTO commercials (id, amount, date_start, date_end, offer_id, media_source, event_type, type) VALUES (265, 3, '2016-01-01', '2017-01-01', 'com.pacificinteractive.HouseOfFun', 'applifier_int', 'INSTALL', 'PAYOUT');
INSERT INTO targets (id, commercial_id, is_active) VALUES (265, 265, true);
INSERT INTO target_conditions (operator, field_name, field_value, is_inverse, target_id) VALUES ('EQUALS', 'campaign_name', 'Unity_Android_Canada_Target', false, 265);
INSERT INTO commercials (id, amount, date_start, date_end, offer_id, media_source, event_type, type) VALUES (266, 3.2, '2016-01-01', '2017-01-01', 'com.pacificinteractive.HouseOfFun', 'applifier_int', 'INSTALL', 'PAYOUT');
INSERT INTO targets (id, commercial_id, is_active) VALUES (266, 266, true);
INSERT INTO target_conditions (operator, field_name, field_value, is_inverse, target_id) VALUES ('EQUALS', 'campaign_name', 'Unity_Android_JP_RON', false, 266);
INSERT INTO commercials (id, amount, date_start, date_end, offer_id, media_source, event_type, type) VALUES (267, 0.4, '2016-01-01', '2017-01-01', 'com.pacificinteractive.HouseOfFun', 'applifier_int', 'INSTALL', 'PAYOUT');
INSERT INTO targets (id, commercial_id, is_active) VALUES (267, 267, true);
INSERT INTO target_conditions (operator, field_name, field_value, is_inverse, target_id) VALUES ('EQUALS', 'campaign_name', 'Unity_Android_ROW1_RON', false, 267);
INSERT INTO commercials (id, amount, date_start, date_end, offer_id, media_source, event_type, type) VALUES (268, 0.5, '2016-01-01', '2017-01-01', 'com.pacificinteractive.HouseOfFun', 'applifier_int', 'INSTALL', 'PAYOUT');
INSERT INTO targets (id, commercial_id, is_active) VALUES (268, 268, true);
INSERT INTO target_conditions (operator, field_name, field_value, is_inverse, target_id) VALUES ('EQUALS', 'campaign_name', 'Unity_Android_ROW1_Target', false, 268);
INSERT INTO commercials (id, amount, date_start, date_end, offer_id, media_source, event_type, type) VALUES (269, 0.83, '2016-01-01', '2017-01-01', 'com.pacificinteractive.HouseOfFun', 'applifier_int', 'INSTALL', 'PAYOUT');
INSERT INTO targets (id, commercial_id, is_active) VALUES (269, 269, true);
INSERT INTO target_conditions (operator, field_name, field_value, is_inverse, target_id) VALUES ('EQUALS', 'campaign_name', 'Unity_Android_ROW2_RON', false, 269);
INSERT INTO commercials (id, amount, date_start, date_end, offer_id, media_source, event_type, type) VALUES (270, 0.83, '2016-01-01', '2017-01-01', 'com.pacificinteractive.HouseOfFun', 'applifier_int', 'INSTALL', 'PAYOUT');
INSERT INTO targets (id, commercial_id, is_active) VALUES (270, 270, true);
INSERT INTO target_conditions (operator, field_name, field_value, is_inverse, target_id) VALUES ('EQUALS', 'campaign_name', 'Unity_Android_ROW2_Target', false, 270);
INSERT INTO commercials (id, amount, date_start, date_end, offer_id, media_source, event_type, type) VALUES (271, 3, '2016-01-01', '2017-01-01', 'com.pacificinteractive.HouseOfFun', 'applifier_int', 'INSTALL', 'PAYOUT');
INSERT INTO targets (id, commercial_id, is_active) VALUES (271, 271, true);
INSERT INTO target_conditions (operator, field_name, field_value, is_inverse, target_id) VALUES ('EQUALS', 'campaign_name', 'Unity_Android_USA_RON_LR', false, 271);
INSERT INTO commercials (id, amount, date_start, date_end, offer_id, media_source, event_type, type) VALUES (272, 4.2, '2016-01-01', '2017-01-01', 'com.pacificinteractive.HouseOfFun', 'applifier_int', 'INSTALL', 'PAYOUT');
INSERT INTO targets (id, commercial_id, is_active) VALUES (272, 272, true);
INSERT INTO target_conditions (operator, field_name, field_value, is_inverse, target_id) VALUES ('EQUALS', 'campaign_name', 'Unity_Android_USA_Target', false, 272);
INSERT INTO commercials (id, amount, date_start, date_end, offer_id, media_source, event_type, type) VALUES (273, 4.2, '2016-01-01', '2017-01-01', 'com.pacificinteractive.HouseOfFun', 'applifier_int', 'INSTALL', 'PAYOUT');
INSERT INTO targets (id, commercial_id, is_active) VALUES (273, 273, true);
INSERT INTO target_conditions (operator, field_name, field_value, is_inverse, target_id) VALUES ('EQUALS', 'campaign_name', 'Unity_Android_USA_Target_LR', false, 273);
INSERT INTO commercials (id, amount, date_start, date_end, offer_id, media_source, event_type, type) VALUES (274, 6, '2016-01-01', '2017-01-01', 'id586634331', 'adaction_int', 'INSTALL', 'PAYOUT');
INSERT INTO targets (id, commercial_id, is_active) VALUES (274, 274, true);
INSERT INTO target_conditions (operator, field_name, field_value, is_inverse, target_id) VALUES ('EQUALS', 'campaign_name', 'AdAction_USA_iPad_AA1108', false, 274);
INSERT INTO commercials (id, amount, date_start, date_end, offer_id, media_source, event_type, type) VALUES (275, 6, '2016-01-01', '2017-01-01', 'id586634331', 'adaction_int', 'INSTALL', 'PAYOUT');
INSERT INTO targets (id, commercial_id, is_active) VALUES (275, 275, true);
INSERT INTO target_conditions (operator, field_name, field_value, is_inverse, target_id) VALUES ('EQUALS', 'campaign_name', 'AdAction_USA_iPhone_AA1108', false, 275);
INSERT INTO commercials (id, amount, date_start, date_end, offer_id, media_source, event_type, type) VALUES (276, 6, '2016-01-01', '2017-01-01', 'id586634331', 'adaction_int', 'INSTALL', 'PAYOUT');
INSERT INTO targets (id, commercial_id, is_active) VALUES (276, 276, true);
INSERT INTO target_conditions (operator, field_name, field_value, is_inverse, target_id) VALUES ('EQUALS', 'campaign_name', 'AdAction_USA_ipad_AA3174', false, 276);
INSERT INTO commercials (id, amount, date_start, date_end, offer_id, media_source, event_type, type) VALUES (277, 6, '2016-01-01', '2017-01-01', 'id586634331', 'adaction_int', 'INSTALL', 'PAYOUT');
INSERT INTO targets (id, commercial_id, is_active) VALUES (277, 277, true);
INSERT INTO target_conditions (operator, field_name, field_value, is_inverse, target_id) VALUES ('EQUALS', 'campaign_name', 'AdAction_USA_iphone_AA1108', false, 277);
INSERT INTO commercials (id, amount, date_start, date_end, offer_id, media_source, event_type, type) VALUES (278, 4, '2016-01-01', '2017-01-01', 'id586634331', 'glispa', 'INSTALL', 'PAYOUT');
INSERT INTO targets (id, commercial_id, is_active) VALUES (278, 278, true);
INSERT INTO target_conditions (operator, field_name, field_value, is_inverse, target_id) VALUES ('EQUALS', 'campaign_name', 'Glispa_iOS_CD29020', false, 278);
INSERT INTO commercials (id, amount, date_start, date_end, offer_id, media_source, event_type, type) VALUES (279, 6, '2016-01-01', '2017-01-01', 'id586634331', 'glispa', 'INSTALL', 'PAYOUT');
INSERT INTO targets (id, commercial_id, is_active) VALUES (279, 279, true);
INSERT INTO target_conditions (operator, field_name, field_value, is_inverse, target_id) VALUES ('EQUALS', 'campaign_name', 'Glispa_iOS_CD29423', false, 279);
INSERT INTO commercials (id, amount, date_start, date_end, offer_id, media_source, event_type, type) VALUES (280, 4, '2016-01-01', '2017-01-01', 'id586634331', 'glispa', 'INSTALL', 'PAYOUT');
INSERT INTO targets (id, commercial_id, is_active) VALUES (280, 280, true);
INSERT INTO target_conditions (operator, field_name, field_value, is_inverse, target_id) VALUES ('EQUALS', 'campaign_name', 'Glispa_iOS_CD29724', false, 280);
INSERT INTO commercials (id, amount, date_start, date_end, offer_id, media_source, event_type, type) VALUES (281, 4, '2016-01-01', '2017-01-01', 'id586634331', 'glispa', 'INSTALL', 'PAYOUT');
INSERT INTO targets (id, commercial_id, is_active) VALUES (281, 281, true);
INSERT INTO target_conditions (operator, field_name, field_value, is_inverse, target_id) VALUES ('EQUALS', 'campaign_name', 'Glispa_iOS_CD29732', false, 281);
INSERT INTO commercials (id, amount, date_start, date_end, offer_id, media_source, event_type, type) VALUES (282, 4, '2016-01-01', '2017-01-01', 'id586634331', 'glispa', 'INSTALL', 'PAYOUT');
INSERT INTO targets (id, commercial_id, is_active) VALUES (282, 282, true);
INSERT INTO target_conditions (operator, field_name, field_value, is_inverse, target_id) VALUES ('EQUALS', 'campaign_name', 'Glispa_iOS_CD29760', false, 282);
INSERT INTO commercials (id, amount, date_start, date_end, offer_id, media_source, event_type, type) VALUES (283, 4, '2016-01-01', '2017-01-01', 'id586634331', 'glispa', 'INSTALL', 'PAYOUT');
INSERT INTO targets (id, commercial_id, is_active) VALUES (283, 283, true);
INSERT INTO target_conditions (operator, field_name, field_value, is_inverse, target_id) VALUES ('EQUALS', 'campaign_name', 'Glispa_iOS_CD30029', false, 283);
INSERT INTO commercials (id, amount, date_start, date_end, offer_id, media_source, event_type, type) VALUES (284, 4, '2016-01-01', '2017-01-01', 'id586634331', 'glispa', 'INSTALL', 'PAYOUT');
INSERT INTO targets (id, commercial_id, is_active) VALUES (284, 284, true);
INSERT INTO target_conditions (operator, field_name, field_value, is_inverse, target_id) VALUES ('EQUALS', 'campaign_name', 'Glispa_iOS_CD30060', false, 284);
INSERT INTO commercials (id, amount, date_start, date_end, offer_id, media_source, event_type, type) VALUES (285, 4, '2016-01-01', '2017-01-01', 'id586634331', 'glispa', 'INSTALL', 'PAYOUT');
INSERT INTO targets (id, commercial_id, is_active) VALUES (285, 285, true);
INSERT INTO target_conditions (operator, field_name, field_value, is_inverse, target_id) VALUES ('EQUALS', 'campaign_name', 'Glispa_iOS_CD30161', false, 285);
INSERT INTO commercials (id, amount, date_start, date_end, offer_id, media_source, event_type, type) VALUES (286, 4, '2016-01-01', '2017-01-01', 'id586634331', 'glispa', 'INSTALL', 'PAYOUT');
INSERT INTO targets (id, commercial_id, is_active) VALUES (286, 286, true);
INSERT INTO target_conditions (operator, field_name, field_value, is_inverse, target_id) VALUES ('EQUALS', 'campaign_name', 'Glispa_iOS_CD30404', false, 286);
INSERT INTO commercials (id, amount, date_start, date_end, offer_id, media_source, event_type, type) VALUES (287, 4, '2016-01-01', '2017-01-01', 'id586634331', 'glispa', 'INSTALL', 'PAYOUT');
INSERT INTO targets (id, commercial_id, is_active) VALUES (287, 287, true);
INSERT INTO target_conditions (operator, field_name, field_value, is_inverse, target_id) VALUES ('EQUALS', 'campaign_name', 'Glispa_iOS_CD30495', false, 287);
INSERT INTO commercials (id, amount, date_start, date_end, offer_id, media_source, event_type, type) VALUES (288, 4, '2016-01-01', '2017-01-01', 'id586634331', 'glispa', 'INSTALL', 'PAYOUT');
INSERT INTO targets (id, commercial_id, is_active) VALUES (288, 288, true);
INSERT INTO target_conditions (operator, field_name, field_value, is_inverse, target_id) VALUES ('EQUALS', 'campaign_name', 'Glispa_iOS_CD30695', false, 288);
INSERT INTO commercials (id, amount, date_start, date_end, offer_id, media_source, event_type, type) VALUES (289, 4, '2016-01-01', '2017-01-01', 'id586634331', 'glispa', 'INSTALL', 'PAYOUT');
INSERT INTO targets (id, commercial_id, is_active) VALUES (289, 289, true);
INSERT INTO target_conditions (operator, field_name, field_value, is_inverse, target_id) VALUES ('EQUALS', 'campaign_name', 'Glispa_iOS_CD30855', false, 289);
INSERT INTO commercials (id, amount, date_start, date_end, offer_id, media_source, event_type, type) VALUES (290, 4, '2016-01-01', '2017-01-01', 'id586634331', 'glispa', 'INSTALL', 'PAYOUT');
INSERT INTO targets (id, commercial_id, is_active) VALUES (290, 290, true);
INSERT INTO target_conditions (operator, field_name, field_value, is_inverse, target_id) VALUES ('EQUALS', 'campaign_name', 'Glispa_iOS_CD31241', false, 290);
INSERT INTO commercials (id, amount, date_start, date_end, offer_id, media_source, event_type, type) VALUES (291, 4, '2016-01-01', '2017-01-01', 'id586634331', 'glispa', 'INSTALL', 'PAYOUT');
INSERT INTO targets (id, commercial_id, is_active) VALUES (291, 291, true);
INSERT INTO target_conditions (operator, field_name, field_value, is_inverse, target_id) VALUES ('EQUALS', 'campaign_name', 'Glispa_iOS_CD36581', false, 291);
INSERT INTO commercials (id, amount, date_start, date_end, offer_id, media_source, event_type, type) VALUES (292, 4, '2016-01-01', '2017-01-01', 'id586634331', 'glispa', 'INSTALL', 'PAYOUT');
INSERT INTO targets (id, commercial_id, is_active) VALUES (292, 292, true);
INSERT INTO target_conditions (operator, field_name, field_value, is_inverse, target_id) VALUES ('EQUALS', 'campaign_name', 'Glispa_iOS_CD38045', false, 292);
INSERT INTO commercials (id, amount, date_start, date_end, offer_id, media_source, event_type, type) VALUES (293, 4, '2016-01-01', '2017-01-01', 'id586634331', 'glispa', 'INSTALL', 'PAYOUT');
INSERT INTO targets (id, commercial_id, is_active) VALUES (293, 293, true);
INSERT INTO target_conditions (operator, field_name, field_value, is_inverse, target_id) VALUES ('EQUALS', 'campaign_name', 'Glispa_iOS_CD38633', false, 293);
INSERT INTO commercials (id, amount, date_start, date_end, offer_id, media_source, event_type, type) VALUES (294, 4, '2016-01-01', '2017-01-01', 'id586634331', 'glispa', 'INSTALL', 'PAYOUT');
INSERT INTO targets (id, commercial_id, is_active) VALUES (294, 294, true);
INSERT INTO target_conditions (operator, field_name, field_value, is_inverse, target_id) VALUES ('EQUALS', 'campaign_name', 'Glispa_iOS_CD38931', false, 294);
INSERT INTO commercials (id, amount, date_start, date_end, offer_id, media_source, event_type, type) VALUES (295, 4, '2016-01-01', '2017-01-01', 'id586634331', 'glispa', 'INSTALL', 'PAYOUT');
INSERT INTO targets (id, commercial_id, is_active) VALUES (295, 295, true);
INSERT INTO target_conditions (operator, field_name, field_value, is_inverse, target_id) VALUES ('EQUALS', 'campaign_name', 'Glispa_iOS_CD39319', false, 295);
INSERT INTO commercials (id, amount, date_start, date_end, offer_id, media_source, event_type, type) VALUES (296, 4, '2016-01-01', '2017-01-01', 'id586634331', 'glispa', 'INSTALL', 'PAYOUT');
INSERT INTO targets (id, commercial_id, is_active) VALUES (296, 296, true);
INSERT INTO target_conditions (operator, field_name, field_value, is_inverse, target_id) VALUES ('EQUALS', 'campaign_name', 'Glispa_iOS_CD3956', false, 296);
INSERT INTO commercials (id, amount, date_start, date_end, offer_id, media_source, event_type, type) VALUES (297, 4, '2016-01-01', '2017-01-01', 'id586634331', 'glispa', 'INSTALL', 'PAYOUT');
INSERT INTO targets (id, commercial_id, is_active) VALUES (297, 297, true);
INSERT INTO target_conditions (operator, field_name, field_value, is_inverse, target_id) VALUES ('EQUALS', 'campaign_name', 'Glispa_iOS_CD39697', false, 297);
INSERT INTO commercials (id, amount, date_start, date_end, offer_id, media_source, event_type, type) VALUES (298, 4, '2016-01-01', '2017-01-01', 'id586634331', 'glispa', 'INSTALL', 'PAYOUT');
INSERT INTO targets (id, commercial_id, is_active) VALUES (298, 298, true);
INSERT INTO target_conditions (operator, field_name, field_value, is_inverse, target_id) VALUES ('EQUALS', 'campaign_name', 'Glispa_iOS_CD40317', false, 298);
INSERT INTO commercials (id, amount, date_start, date_end, offer_id, media_source, event_type, type) VALUES (299, 8, '2016-01-01', '2017-01-01', 'id586634331', 'glispa', 'INSTALL', 'PAYOUT');
INSERT INTO targets (id, commercial_id, is_active) VALUES (299, 299, true);
INSERT INTO target_conditions (operator, field_name, field_value, is_inverse, target_id) VALUES ('EQUALS', 'campaign_name', 'Glispa_iOS_CD41111', false, 299);
INSERT INTO commercials (id, amount, date_start, date_end, offer_id, media_source, event_type, type) VALUES (300, 4, '2016-01-01', '2017-01-01', 'id586634331', 'glispa', 'INSTALL', 'PAYOUT');
INSERT INTO targets (id, commercial_id, is_active) VALUES (300, 300, true);
INSERT INTO target_conditions (operator, field_name, field_value, is_inverse, target_id) VALUES ('EQUALS', 'campaign_name', 'Glispa_iOS_CD41951', false, 300);
INSERT INTO commercials (id, amount, date_start, date_end, offer_id, media_source, event_type, type) VALUES (301, 4, '2016-01-01', '2017-01-01', 'id586634331', 'glispa', 'INSTALL', 'PAYOUT');
INSERT INTO targets (id, commercial_id, is_active) VALUES (301, 301, true);
INSERT INTO target_conditions (operator, field_name, field_value, is_inverse, target_id) VALUES ('EQUALS', 'campaign_name', 'Glispa_iOS_CD42089', false, 301);
INSERT INTO commercials (id, amount, date_start, date_end, offer_id, media_source, event_type, type) VALUES (302, 7, '2016-01-01', '2017-01-01', 'id586634331', 'glispa', 'INSTALL', 'PAYOUT');
INSERT INTO targets (id, commercial_id, is_active) VALUES (302, 302, true);
INSERT INTO target_conditions (operator, field_name, field_value, is_inverse, target_id) VALUES ('EQUALS', 'campaign_name', 'Glispa_iOS_CD42465', false, 302);
INSERT INTO commercials (id, amount, date_start, date_end, offer_id, media_source, event_type, type) VALUES (303, 4, '2016-01-01', '2017-01-01', 'id586634331', 'glispa', 'INSTALL', 'PAYOUT');
INSERT INTO targets (id, commercial_id, is_active) VALUES (303, 303, true);
INSERT INTO target_conditions (operator, field_name, field_value, is_inverse, target_id) VALUES ('EQUALS', 'campaign_name', 'Glispa_iOS_CD42665', false, 303);
INSERT INTO commercials (id, amount, date_start, date_end, offer_id, media_source, event_type, type) VALUES (304, 4, '2016-01-01', '2017-01-01', 'id586634331', 'glispa', 'INSTALL', 'PAYOUT');
INSERT INTO targets (id, commercial_id, is_active) VALUES (304, 304, true);
INSERT INTO target_conditions (operator, field_name, field_value, is_inverse, target_id) VALUES ('EQUALS', 'campaign_name', 'Glispa_iOS_CD42769', false, 304);
INSERT INTO commercials (id, amount, date_start, date_end, offer_id, media_source, event_type, type) VALUES (305, 4, '2016-01-01', '2017-01-01', 'id586634331', 'glispa', 'INSTALL', 'PAYOUT');
INSERT INTO targets (id, commercial_id, is_active) VALUES (305, 305, true);
INSERT INTO target_conditions (operator, field_name, field_value, is_inverse, target_id) VALUES ('EQUALS', 'campaign_name', 'Glispa_iOS_CD42871', false, 305);
INSERT INTO commercials (id, amount, date_start, date_end, offer_id, media_source, event_type, type) VALUES (306, 5.5, '2016-01-01', '2017-01-01', 'id586634331', 'glispa', 'INSTALL', 'PAYOUT');
INSERT INTO targets (id, commercial_id, is_active) VALUES (306, 306, true);
INSERT INTO target_conditions (operator, field_name, field_value, is_inverse, target_id) VALUES ('EQUALS', 'campaign_name', 'Glispa_iOS_CD43051', false, 306);
INSERT INTO commercials (id, amount, date_start, date_end, offer_id, media_source, event_type, type) VALUES (307, 4, '2016-01-01', '2017-01-01', 'id586634331', 'glispa', 'INSTALL', 'PAYOUT');
INSERT INTO targets (id, commercial_id, is_active) VALUES (307, 307, true);
INSERT INTO target_conditions (operator, field_name, field_value, is_inverse, target_id) VALUES ('EQUALS', 'campaign_name', 'Glispa_iOS_CD43165', false, 307);
INSERT INTO commercials (id, amount, date_start, date_end, offer_id, media_source, event_type, type) VALUES (308, 4, '2016-01-01', '2017-01-01', 'id586634331', 'glispa', 'INSTALL', 'PAYOUT');
INSERT INTO targets (id, commercial_id, is_active) VALUES (308, 308, true);
INSERT INTO target_conditions (operator, field_name, field_value, is_inverse, target_id) VALUES ('EQUALS', 'campaign_name', 'Glispa_iOS_CD43320', false, 308);
INSERT INTO commercials (id, amount, date_start, date_end, offer_id, media_source, event_type, type) VALUES (309, 4, '2016-01-01', '2017-01-01', 'id586634331', 'glispa', 'INSTALL', 'PAYOUT');
INSERT INTO targets (id, commercial_id, is_active) VALUES (309, 309, true);
INSERT INTO target_conditions (operator, field_name, field_value, is_inverse, target_id) VALUES ('EQUALS', 'campaign_name', 'Glispa_iOS_CD43332', false, 309);
INSERT INTO commercials (id, amount, date_start, date_end, offer_id, media_source, event_type, type) VALUES (310, 4, '2016-01-01', '2017-01-01', 'id586634331', 'glispa', 'INSTALL', 'PAYOUT');
INSERT INTO targets (id, commercial_id, is_active) VALUES (310, 310, true);
INSERT INTO target_conditions (operator, field_name, field_value, is_inverse, target_id) VALUES ('EQUALS', 'campaign_name', 'Glispa_iOS_CD43522', false, 310);
INSERT INTO commercials (id, amount, date_start, date_end, offer_id, media_source, event_type, type) VALUES (311, 4, '2016-01-01', '2017-01-01', 'id586634331', 'glispa', 'INSTALL', 'PAYOUT');
INSERT INTO targets (id, commercial_id, is_active) VALUES (311, 311, true);
INSERT INTO target_conditions (operator, field_name, field_value, is_inverse, target_id) VALUES ('EQUALS', 'campaign_name', 'Glispa_iOS_CD43566', false, 311);
INSERT INTO commercials (id, amount, date_start, date_end, offer_id, media_source, event_type, type) VALUES (312, 4, '2016-01-01', '2017-01-01', 'id586634331', 'glispa', 'INSTALL', 'PAYOUT');
INSERT INTO targets (id, commercial_id, is_active) VALUES (312, 312, true);
INSERT INTO target_conditions (operator, field_name, field_value, is_inverse, target_id) VALUES ('EQUALS', 'campaign_name', 'Glispa_iOS_CD43614', false, 312);
INSERT INTO commercials (id, amount, date_start, date_end, offer_id, media_source, event_type, type) VALUES (313, 4, '2016-01-01', '2017-01-01', 'id586634331', 'glispa', 'INSTALL', 'PAYOUT');
INSERT INTO targets (id, commercial_id, is_active) VALUES (313, 313, true);
INSERT INTO target_conditions (operator, field_name, field_value, is_inverse, target_id) VALUES ('EQUALS', 'campaign_name', 'Glispa_iOS_CD43834', false, 313);
INSERT INTO commercials (id, amount, date_start, date_end, offer_id, media_source, event_type, type) VALUES (314, 4, '2016-01-01', '2017-01-01', 'id586634331', 'glispa', 'INSTALL', 'PAYOUT');
INSERT INTO targets (id, commercial_id, is_active) VALUES (314, 314, true);
INSERT INTO target_conditions (operator, field_name, field_value, is_inverse, target_id) VALUES ('EQUALS', 'campaign_name', 'Glispa_iOS_CD43840', false, 314);
INSERT INTO commercials (id, amount, date_start, date_end, offer_id, media_source, event_type, type) VALUES (315, 4, '2016-01-01', '2017-01-01', 'id586634331', 'glispa', 'INSTALL', 'PAYOUT');
INSERT INTO targets (id, commercial_id, is_active) VALUES (315, 315, true);
INSERT INTO target_conditions (operator, field_name, field_value, is_inverse, target_id) VALUES ('EQUALS', 'campaign_name', 'Glispa_iOS_CD43860', false, 315);
INSERT INTO commercials (id, amount, date_start, date_end, offer_id, media_source, event_type, type) VALUES (316, 4, '2016-01-01', '2017-01-01', 'id586634331', 'glispa', 'INSTALL', 'PAYOUT');
INSERT INTO targets (id, commercial_id, is_active) VALUES (316, 316, true);
INSERT INTO target_conditions (operator, field_name, field_value, is_inverse, target_id) VALUES ('EQUALS', 'campaign_name', 'Glispa_iOS_CD43890', false, 316);
INSERT INTO commercials (id, amount, date_start, date_end, offer_id, media_source, event_type, type) VALUES (317, 7, '2016-01-01', '2017-01-01', 'id586634331', 'glispa', 'INSTALL', 'PAYOUT');
INSERT INTO targets (id, commercial_id, is_active) VALUES (317, 317, true);
INSERT INTO target_conditions (operator, field_name, field_value, is_inverse, target_id) VALUES ('EQUALS', 'campaign_name', 'Glispa_iOS_CD44060', false, 317);
INSERT INTO commercials (id, amount, date_start, date_end, offer_id, media_source, event_type, type) VALUES (318, 4, '2016-01-01', '2017-01-01', 'id586634331', 'glispa', 'INSTALL', 'PAYOUT');
INSERT INTO targets (id, commercial_id, is_active) VALUES (318, 318, true);
INSERT INTO target_conditions (operator, field_name, field_value, is_inverse, target_id) VALUES ('EQUALS', 'campaign_name', 'Glispa_iOS_CD44130', false, 318);
INSERT INTO commercials (id, amount, date_start, date_end, offer_id, media_source, event_type, type) VALUES (319, 4, '2016-01-01', '2017-01-01', 'id586634331', 'glispa', 'INSTALL', 'PAYOUT');
INSERT INTO targets (id, commercial_id, is_active) VALUES (319, 319, true);
INSERT INTO target_conditions (operator, field_name, field_value, is_inverse, target_id) VALUES ('EQUALS', 'campaign_name', 'Glispa_iOS_CD44264', false, 319);
INSERT INTO commercials (id, amount, date_start, date_end, offer_id, media_source, event_type, type) VALUES (320, 4, '2016-01-01', '2017-01-01', 'id586634331', 'glispa', 'INSTALL', 'PAYOUT');
INSERT INTO targets (id, commercial_id, is_active) VALUES (320, 320, true);
INSERT INTO target_conditions (operator, field_name, field_value, is_inverse, target_id) VALUES ('EQUALS', 'campaign_name', 'Glispa_iOS_CD44340', false, 320);
INSERT INTO commercials (id, amount, date_start, date_end, offer_id, media_source, event_type, type) VALUES (321, 4, '2016-01-01', '2017-01-01', 'id586634331', 'glispa', 'INSTALL', 'PAYOUT');
INSERT INTO targets (id, commercial_id, is_active) VALUES (321, 321, true);
INSERT INTO target_conditions (operator, field_name, field_value, is_inverse, target_id) VALUES ('EQUALS', 'campaign_name', 'Glispa_iOS_CD44552', false, 321);
INSERT INTO commercials (id, amount, date_start, date_end, offer_id, media_source, event_type, type) VALUES (322, 4, '2016-01-01', '2017-01-01', 'id586634331', 'glispa', 'INSTALL', 'PAYOUT');
INSERT INTO targets (id, commercial_id, is_active) VALUES (322, 322, true);
INSERT INTO target_conditions (operator, field_name, field_value, is_inverse, target_id) VALUES ('EQUALS', 'campaign_name', 'Glispa_iOS_CD5658', false, 322);
INSERT INTO commercials (id, amount, date_start, date_end, offer_id, media_source, event_type, type) VALUES (323, 4, '2016-01-01', '2017-01-01', 'id586634331', 'glispa', 'INSTALL', 'PAYOUT');
INSERT INTO targets (id, commercial_id, is_active) VALUES (323, 323, true);
INSERT INTO target_conditions (operator, field_name, field_value, is_inverse, target_id) VALUES ('EQUALS', 'campaign_name', 'Glispa_iOS_CD7722', false, 323);
INSERT INTO commercials (id, amount, date_start, date_end, offer_id, media_source, event_type, type) VALUES (324, 4, '2016-01-01', '2017-01-01', 'id586634331', 'glispa', 'INSTALL', 'PAYOUT');
INSERT INTO targets (id, commercial_id, is_active) VALUES (324, 324, true);
INSERT INTO target_conditions (operator, field_name, field_value, is_inverse, target_id) VALUES ('EQUALS', 'campaign_name', 'Glispa_iOS_CD7804', false, 324);
INSERT INTO commercials (id, amount, date_start, date_end, offer_id, media_source, event_type, type) VALUES (325, 2.5, '2016-01-01', '2017-01-01', 'id586634331', 'glispa', 'INSTALL', 'PAYOUT');
INSERT INTO targets (id, commercial_id, is_active) VALUES (325, 325, true);
INSERT INTO target_conditions (operator, field_name, field_value, is_inverse, target_id) VALUES ('EQUALS', 'campaign_name', 'Glispa_iOS_CNCD29020', false, 325);
INSERT INTO commercials (id, amount, date_start, date_end, offer_id, media_source, event_type, type) VALUES (326, 2.5, '2016-01-01', '2017-01-01', 'id586634331', 'glispa', 'INSTALL', 'PAYOUT');
INSERT INTO targets (id, commercial_id, is_active) VALUES (326, 326, true);
INSERT INTO target_conditions (operator, field_name, field_value, is_inverse, target_id) VALUES ('EQUALS', 'campaign_name', 'Glispa_iOS_CNCD29443', false, 326);
INSERT INTO commercials (id, amount, date_start, date_end, offer_id, media_source, event_type, type) VALUES (327, 2.5, '2016-01-01', '2017-01-01', 'id586634331', 'glispa', 'INSTALL', 'PAYOUT');
INSERT INTO targets (id, commercial_id, is_active) VALUES (327, 327, true);
INSERT INTO target_conditions (operator, field_name, field_value, is_inverse, target_id) VALUES ('EQUALS', 'campaign_name', 'Glispa_iOS_CNCD37081', false, 327);
INSERT INTO commercials (id, amount, date_start, date_end, offer_id, media_source, event_type, type) VALUES (328, 2.5, '2016-01-01', '2017-01-01', 'id586634331', 'glispa', 'INSTALL', 'PAYOUT');
INSERT INTO targets (id, commercial_id, is_active) VALUES (328, 328, true);
INSERT INTO target_conditions (operator, field_name, field_value, is_inverse, target_id) VALUES ('EQUALS', 'campaign_name', 'Glispa_iOS_CNCD37541', false, 328);
INSERT INTO commercials (id, amount, date_start, date_end, offer_id, media_source, event_type, type) VALUES (329, 2.5, '2016-01-01', '2017-01-01', 'id586634331', 'glispa', 'INSTALL', 'PAYOUT');
INSERT INTO targets (id, commercial_id, is_active) VALUES (329, 329, true);
INSERT INTO target_conditions (operator, field_name, field_value, is_inverse, target_id) VALUES ('EQUALS', 'campaign_name', 'Glispa_iOS_CNCD38045', false, 329);
INSERT INTO commercials (id, amount, date_start, date_end, offer_id, media_source, event_type, type) VALUES (330, 2.5, '2016-01-01', '2017-01-01', 'id586634331', 'glispa', 'INSTALL', 'PAYOUT');
INSERT INTO targets (id, commercial_id, is_active) VALUES (330, 330, true);
INSERT INTO target_conditions (operator, field_name, field_value, is_inverse, target_id) VALUES ('EQUALS', 'campaign_name', 'Glispa_iOS_CNCD38815', false, 330);
INSERT INTO commercials (id, amount, date_start, date_end, offer_id, media_source, event_type, type) VALUES (331, 2.5, '2016-01-01', '2017-01-01', 'id586634331', 'glispa', 'INSTALL', 'PAYOUT');
INSERT INTO targets (id, commercial_id, is_active) VALUES (331, 331, true);
INSERT INTO target_conditions (operator, field_name, field_value, is_inverse, target_id) VALUES ('EQUALS', 'campaign_name', 'Glispa_iOS_CNCD39319', false, 331);
INSERT INTO commercials (id, amount, date_start, date_end, offer_id, media_source, event_type, type) VALUES (332, 2.5, '2016-01-01', '2017-01-01', 'id586634331', 'glispa', 'INSTALL', 'PAYOUT');
INSERT INTO targets (id, commercial_id, is_active) VALUES (332, 332, true);
INSERT INTO target_conditions (operator, field_name, field_value, is_inverse, target_id) VALUES ('EQUALS', 'campaign_name', 'Glispa_iOS_CNCD41375', false, 332);
INSERT INTO commercials (id, amount, date_start, date_end, offer_id, media_source, event_type, type) VALUES (333, 2.5, '2016-01-01', '2017-01-01', 'id586634331', 'glispa', 'INSTALL', 'PAYOUT');
INSERT INTO targets (id, commercial_id, is_active) VALUES (333, 333, true);
INSERT INTO target_conditions (operator, field_name, field_value, is_inverse, target_id) VALUES ('EQUALS', 'campaign_name', 'Glispa_iOS_CNCD42401', false, 333);
INSERT INTO commercials (id, amount, date_start, date_end, offer_id, media_source, event_type, type) VALUES (334, 2.5, '2016-01-01', '2017-01-01', 'id586634331', 'glispa', 'INSTALL', 'PAYOUT');
INSERT INTO targets (id, commercial_id, is_active) VALUES (334, 334, true);
INSERT INTO target_conditions (operator, field_name, field_value, is_inverse, target_id) VALUES ('EQUALS', 'campaign_name', 'Glispa_iOS_CNCD42469', false, 334);
INSERT INTO commercials (id, amount, date_start, date_end, offer_id, media_source, event_type, type) VALUES (335, 2.5, '2016-01-01', '2017-01-01', 'id586634331', 'glispa', 'INSTALL', 'PAYOUT');
INSERT INTO targets (id, commercial_id, is_active) VALUES (335, 335, true);
INSERT INTO target_conditions (operator, field_name, field_value, is_inverse, target_id) VALUES ('EQUALS', 'campaign_name', 'Glispa_iOS_CNCD42665', false, 335);
INSERT INTO commercials (id, amount, date_start, date_end, offer_id, media_source, event_type, type) VALUES (336, 2.5, '2016-01-01', '2017-01-01', 'id586634331', 'glispa', 'INSTALL', 'PAYOUT');
INSERT INTO targets (id, commercial_id, is_active) VALUES (336, 336, true);
INSERT INTO target_conditions (operator, field_name, field_value, is_inverse, target_id) VALUES ('EQUALS', 'campaign_name', 'Glispa_iOS_CNCD42871', false, 336);
INSERT INTO commercials (id, amount, date_start, date_end, offer_id, media_source, event_type, type) VALUES (337, 2.5, '2016-01-01', '2017-01-01', 'id586634331', 'glispa', 'INSTALL', 'PAYOUT');
INSERT INTO targets (id, commercial_id, is_active) VALUES (337, 337, true);
INSERT INTO target_conditions (operator, field_name, field_value, is_inverse, target_id) VALUES ('EQUALS', 'campaign_name', 'Glispa_iOS_CNCD43165', false, 337);
INSERT INTO commercials (id, amount, date_start, date_end, offer_id, media_source, event_type, type) VALUES (338, 2.5, '2016-01-01', '2017-01-01', 'id586634331', 'glispa', 'INSTALL', 'PAYOUT');
INSERT INTO targets (id, commercial_id, is_active) VALUES (338, 338, true);
INSERT INTO target_conditions (operator, field_name, field_value, is_inverse, target_id) VALUES ('EQUALS', 'campaign_name', 'Glispa_iOS_CNCD43332', false, 338);
INSERT INTO commercials (id, amount, date_start, date_end, offer_id, media_source, event_type, type) VALUES (339, 2.5, '2016-01-01', '2017-01-01', 'id586634331', 'glispa', 'INSTALL', 'PAYOUT');
INSERT INTO targets (id, commercial_id, is_active) VALUES (339, 339, true);
INSERT INTO target_conditions (operator, field_name, field_value, is_inverse, target_id) VALUES ('EQUALS', 'campaign_name', 'Glispa_iOS_CNCD44552', false, 339);
INSERT INTO commercials (id, amount, date_start, date_end, offer_id, media_source, event_type, type) VALUES (340, 2.5, '2016-01-01', '2017-01-01', 'id586634331', 'glispa', 'INSTALL', 'PAYOUT');
INSERT INTO targets (id, commercial_id, is_active) VALUES (340, 340, true);
INSERT INTO target_conditions (operator, field_name, field_value, is_inverse, target_id) VALUES ('EQUALS', 'campaign_name', 'Glispa_iOS_CNCD5658', false, 340);
INSERT INTO commercials (id, amount, date_start, date_end, offer_id, media_source, event_type, type) VALUES (341, 4, '2016-01-01', '2017-01-01', 'id586634331', 'glispa', 'INSTALL', 'PAYOUT');
INSERT INTO targets (id, commercial_id, is_active) VALUES (341, 341, true);
INSERT INTO target_conditions (operator, field_name, field_value, is_inverse, target_id) VALUES ('EQUALS', 'campaign_name', 'NONE', false, 341);
INSERT INTO commercials (id, amount, date_start, date_end, offer_id, media_source, event_type, type) VALUES (342, 2, '2016-01-01', '2017-01-01', 'com.pacificinteractive.HouseOfFun', 'adaction_int', 'INSTALL', 'PAYOUT');
INSERT INTO targets (id, commercial_id, is_active) VALUES (342, 342, true);
INSERT INTO target_conditions (operator, field_name, field_value, is_inverse, target_id) VALUES ('EQUALS', 'campaign_name', 'Adaction_Android', false, 342);
INSERT INTO commercials (id, amount, date_start, date_end, offer_id, media_source, event_type, type) VALUES (343, 3, '2016-01-01', '2017-01-01', 'com.pacificinteractive.HouseOfFun', 'adaction_int', 'INSTALL', 'PAYOUT');
INSERT INTO targets (id, commercial_id, is_active) VALUES (343, 343, true);
INSERT INTO target_conditions (operator, field_name, field_value, is_inverse, target_id) VALUES ('EQUALS', 'campaign_name', 'Adaction_Android_1513124676', false, 343);
INSERT INTO commercials (id, amount, date_start, date_end, offer_id, media_source, event_type, type) VALUES (344, 6, '2016-01-01', '2017-01-01', 'id586634331', 'adaction_int', 'INSTALL', 'PAYOUT');
INSERT INTO targets (id, commercial_id, is_active) VALUES (344, 344, true);
INSERT INTO commercials (id, amount, date_start, date_end, offer_id, media_source, event_type, type) VALUES (345, 1.5, '2016-01-01', '2017-01-01', 'id586634331', 'playhaven_int', 'INSTALL', 'PAYOUT');
INSERT INTO targets (id, commercial_id, is_active) VALUES (345, 345, true);
INSERT INTO target_conditions (operator, field_name, field_value, is_inverse, target_id) VALUES ('EQUALS', 'campaign_name', 'PlayHaven_iOS_T5', false, 345);
INSERT INTO commercials (id, amount, date_start, date_end, offer_id, media_source, event_type, type) VALUES (346, 8, '2016-01-01', '2017-01-01', 'id586634331', 'playhaven_int', 'INSTALL', 'PAYOUT');
INSERT INTO targets (id, commercial_id, is_active) VALUES (346, 346, true);
INSERT INTO target_conditions (operator, field_name, field_value, is_inverse, target_id) VALUES ('EQUALS', 'campaign_name', 'PlayHaven_iOS_T1', false, 346);
INSERT INTO commercials (id, amount, date_start, date_end, offer_id, media_source, event_type, type) VALUES (347, 4.5, '2016-01-01', '2017-01-01', 'id586634331', 'playhaven_int', 'INSTALL', 'PAYOUT');
INSERT INTO targets (id, commercial_id, is_active) VALUES (347, 347, true);
INSERT INTO target_conditions (operator, field_name, field_value, is_inverse, target_id) VALUES ('EQUALS', 'campaign_name', 'PlayHaven_iOS_T3', false, 347);
INSERT INTO commercials (id, amount, date_start, date_end, offer_id, media_source, event_type, type) VALUES (348, 3.5, '2016-01-01', '2017-01-01', 'id586634331', 'playhaven_int', 'INSTALL', 'PAYOUT');
INSERT INTO targets (id, commercial_id, is_active) VALUES (348, 348, true);
INSERT INTO target_conditions (operator, field_name, field_value, is_inverse, target_id) VALUES ('EQUALS', 'campaign_name', 'PlayHaven_iOS_T4', false, 348);
INSERT INTO commercials (id, amount, date_start, date_end, offer_id, media_source, event_type, type) VALUES (349, 5, '2016-01-01', '2017-01-01', 'id586634331', 'playhaven_int', 'INSTALL', 'PAYOUT');
INSERT INTO targets (id, commercial_id, is_active) VALUES (349, 349, true);
INSERT INTO target_conditions (operator, field_name, field_value, is_inverse, target_id) VALUES ('EQUALS', 'campaign_name', 'iOS_USA_December', false, 349);
INSERT INTO commercials (id, amount, date_start, date_end, offer_id, media_source, event_type, type) VALUES (350, 7, '2016-01-01', '2017-01-01', 'id586634331', 'playhaven_int', 'INSTALL', 'PAYOUT');
INSERT INTO targets (id, commercial_id, is_active) VALUES (350, 350, true);
INSERT INTO target_conditions (operator, field_name, field_value, is_inverse, target_id) VALUES ('EQUALS', 'campaign_name', 'PlayHaven_iOS_T2', false, 350);
INSERT INTO commercials (id, amount, date_start, date_end, offer_id, media_source, event_type, type) VALUES (351, 8, '2016-01-01', '2017-01-01', 'id586634331', 'playhaven_int', 'INSTALL', 'PAYOUT');
INSERT INTO targets (id, commercial_id, is_active) VALUES (351, 351, true);
INSERT INTO target_conditions (operator, field_name, field_value, is_inverse, target_id) VALUES ('EQUALS', 'campaign_name', 'T1', false, 351);
INSERT INTO commercials (id, amount, date_start, date_end, offer_id, media_source, event_type, type) VALUES (352, 7, '2016-01-01', '2017-01-01', 'id586634331', 'playhaven_int', 'INSTALL', 'PAYOUT');
INSERT INTO targets (id, commercial_id, is_active) VALUES (352, 352, true);
INSERT INTO target_conditions (operator, field_name, field_value, is_inverse, target_id) VALUES ('EQUALS', 'campaign_name', 'T2', false, 352);
INSERT INTO commercials (id, amount, date_start, date_end, offer_id, media_source, event_type, type) VALUES (353, 4.5, '2016-01-01', '2017-01-01', 'id586634331', 'playhaven_int', 'INSTALL', 'PAYOUT');
INSERT INTO targets (id, commercial_id, is_active) VALUES (353, 353, true);
INSERT INTO target_conditions (operator, field_name, field_value, is_inverse, target_id) VALUES ('EQUALS', 'campaign_name', 'T3', false, 353);
INSERT INTO commercials (id, amount, date_start, date_end, offer_id, media_source, event_type, type) VALUES (354, 3.5, '2016-01-01', '2017-01-01', 'id586634331', 'playhaven_int', 'INSTALL', 'PAYOUT');
INSERT INTO targets (id, commercial_id, is_active) VALUES (354, 354, true);
INSERT INTO target_conditions (operator, field_name, field_value, is_inverse, target_id) VALUES ('EQUALS', 'campaign_name', 'T4', false, 354);
INSERT INTO commercials (id, amount, date_start, date_end, offer_id, media_source, event_type, type) VALUES (355, 1.5, '2016-01-01', '2017-01-01', 'id586634331', 'playhaven_int', 'INSTALL', 'PAYOUT');
INSERT INTO targets (id, commercial_id, is_active) VALUES (355, 355, true);
INSERT INTO target_conditions (operator, field_name, field_value, is_inverse, target_id) VALUES ('EQUALS', 'campaign_name', 'T5', false, 355);
INSERT INTO commercials (id, amount, date_start, date_end, offer_id, media_source, event_type, type) VALUES (356, 8, '2016-01-01', '2017-01-01', 'id586634331', 'dqna_int', 'INSTALL', 'PAYOUT');
INSERT INTO targets (id, commercial_id, is_active) VALUES (356, 356, true);
INSERT INTO target_conditions (operator, field_name, field_value, is_inverse, target_id) VALUES ('EQUALS', 'campaign_name', 'DQNA_iOS_8272', false, 356);
INSERT INTO commercials (id, amount, date_start, date_end, offer_id, media_source, event_type, type) VALUES (357, 2, '2016-01-01', '2017-01-01', 'com.pacificinteractive.HouseOfFun', 'playhaven_int', 'INSTALL', 'PAYOUT');
INSERT INTO targets (id, commercial_id, is_active) VALUES (357, 357, true);
INSERT INTO target_conditions (operator, field_name, field_value, is_inverse, target_id) VALUES ('EQUALS', 'campaign_name', 'Playhaven_Android', false, 357);
INSERT INTO commercials (id, amount, date_start, date_end, offer_id, media_source, event_type, type) VALUES (358, 4.5, '2016-01-01', '2017-01-01', 'com.pacificinteractive.HouseOfFun', 'playhaven_int', 'INSTALL', 'PAYOUT');
INSERT INTO targets (id, commercial_id, is_active) VALUES (358, 358, true);
INSERT INTO target_conditions (operator, field_name, field_value, is_inverse, target_id) VALUES ('EQUALS', 'campaign_name', 'Playhaven_Android_T2', false, 358);
INSERT INTO commercials (id, amount, date_start, date_end, offer_id, media_source, event_type, type) VALUES (359, 3.5, '2016-01-01', '2017-01-01', 'com.pacificinteractive.HouseOfFun', 'playhaven_int', 'INSTALL', 'PAYOUT');
INSERT INTO targets (id, commercial_id, is_active) VALUES (359, 359, true);
INSERT INTO target_conditions (operator, field_name, field_value, is_inverse, target_id) VALUES ('EQUALS', 'campaign_name', 'Playhaven_Android_T3', false, 359);
INSERT INTO commercials (id, amount, date_start, date_end, offer_id, media_source, event_type, type) VALUES (360, 5.5, '2016-01-01', '2017-01-01', 'com.pacificinteractive.HouseOfFun', 'playhaven_int', 'INSTALL', 'PAYOUT');
INSERT INTO targets (id, commercial_id, is_active) VALUES (360, 360, true);
INSERT INTO target_conditions (operator, field_name, field_value, is_inverse, target_id) VALUES ('EQUALS', 'campaign_name', 'Playhaven_Android_T1', false, 360);
INSERT INTO commercials (id, amount, date_start, date_end, offer_id, media_source, event_type, type) VALUES (361, 5.5, '2016-01-01', '2017-01-01', 'com.pacificinteractive.HouseOfFun', 'playhaven_int', 'INSTALL', 'PAYOUT');
INSERT INTO targets (id, commercial_id, is_active) VALUES (361, 361, true);
INSERT INTO target_conditions (operator, field_name, field_value, is_inverse, target_id) VALUES ('EQUALS', 'campaign_name', 'T1', false, 361);
INSERT INTO commercials (id, amount, date_start, date_end, offer_id, media_source, event_type, type) VALUES (362, 4.5, '2016-01-01', '2017-01-01', 'com.pacificinteractive.HouseOfFun', 'playhaven_int', 'INSTALL', 'PAYOUT');
INSERT INTO targets (id, commercial_id, is_active) VALUES (362, 362, true);
INSERT INTO target_conditions (operator, field_name, field_value, is_inverse, target_id) VALUES ('EQUALS', 'campaign_name', 'T2', false, 362);
INSERT INTO commercials (id, amount, date_start, date_end, offer_id, media_source, event_type, type) VALUES (363, 3.5, '2016-01-01', '2017-01-01', 'com.pacificinteractive.HouseOfFun', 'playhaven_int', 'INSTALL', 'PAYOUT');
INSERT INTO targets (id, commercial_id, is_active) VALUES (363, 363, true);
INSERT INTO target_conditions (operator, field_name, field_value, is_inverse, target_id) VALUES ('EQUALS', 'campaign_name', 'T3', false, 363);
INSERT INTO commercials (id, amount, date_start, date_end, offer_id, media_source, event_type, type) VALUES (364, 2, '2016-01-01', '2017-01-01', 'com.pacificinteractive.HouseOfFun', 'playhaven_int', 'INSTALL', 'PAYOUT');
INSERT INTO targets (id, commercial_id, is_active) VALUES (364, 364, true);
INSERT INTO target_conditions (operator, field_name, field_value, is_inverse, target_id) VALUES ('EQUALS', 'campaign_name', 'T4', false, 364);
INSERT INTO commercials (id, amount, date_start, date_end, offer_id, media_source, event_type, type) VALUES (365, 3.25, '2016-01-01', '2017-01-01', 'com.risingtidegames.blackdiamondslots.beta', 'supersonicads_int', 'INSTALL', 'PAYOUT');
INSERT INTO targets (id, commercial_id, is_active) VALUES (365, 365, true);
INSERT INTO target_conditions (operator, field_name, field_value, is_inverse, target_id) VALUES ('EQUALS', 'campaign_name', 'Supersonic_T1_Android_February_RON', false, 365);
INSERT INTO commercials (id, amount, date_start, date_end, offer_id, media_source, event_type, type) VALUES (366, 2.8, '2016-01-01', '2017-01-01', 'com.risingtidegames.blackdiamondslots.beta', 'adcolony_int', 'INSTALL', 'PAYOUT');
INSERT INTO targets (id, commercial_id, is_active) VALUES (366, 366, true);
INSERT INTO target_conditions (operator, field_name, field_value, is_inverse, target_id) VALUES ('EQUALS', 'campaign_name', 'AdColony_Android_T1', false, 366);
INSERT INTO commercials (id, amount, date_start, date_end, offer_id, media_source, event_type, type) VALUES (367, 2.8, '2016-01-01', '2017-01-01', 'com.risingtidegames.blackdiamondslots.beta', 'adcolony_int', 'INSTALL', 'PAYOUT');
INSERT INTO targets (id, commercial_id, is_active) VALUES (367, 367, true);
INSERT INTO target_conditions (operator, field_name, field_value, is_inverse, target_id) VALUES ('EQUALS', 'campaign_name', 'AdColony_Android_T1WL', false, 367);
INSERT INTO commercials (id, amount, date_start, date_end, offer_id, media_source, event_type, type) VALUES (368, 2.8, '2016-01-01', '2017-01-01', 'com.risingtidegames.blackdiamondslots.beta', 'adcolony_int', 'INSTALL', 'PAYOUT');
INSERT INTO targets (id, commercial_id, is_active) VALUES (368, 368, true);
INSERT INTO target_conditions (operator, field_name, field_value, is_inverse, target_id) VALUES ('EQUALS', 'campaign_name', 'AdColony_Android_USA', false, 368);
INSERT INTO commercials (id, amount, date_start, date_end, offer_id, media_source, event_type, type) VALUES (369, 3, '2016-01-01', '2017-01-01', 'com.risingtidegames.blackdiamondslots.beta', 'applifier_int', 'INSTALL', 'PAYOUT');
INSERT INTO targets (id, commercial_id, is_active) VALUES (369, 369, true);
INSERT INTO target_conditions (operator, field_name, field_value, is_inverse, target_id) VALUES ('EQUALS', 'campaign_name', 'Unity_USA_Android_RON - A', false, 369);
INSERT INTO commercials (id, amount, date_start, date_end, offer_id, media_source, event_type, type) VALUES (370, 3, '2016-01-01', '2017-01-01', 'com.risingtidegames.blackdiamondslots.beta', 'applovin_int', 'INSTALL', 'PAYOUT');
INSERT INTO targets (id, commercial_id, is_active) VALUES (370, 370, true);
INSERT INTO target_conditions (operator, field_name, field_value, is_inverse, target_id) VALUES ('EQUALS', 'campaign_name', 'Applovin_Android', false, 370);
INSERT INTO commercials (id, amount, date_start, date_end, offer_id, media_source, event_type, type) VALUES (371, 3, '2016-01-01', '2017-01-01', 'com.risingtidegames.blackdiamondslots.beta', 'applovin_int', 'INSTALL', 'PAYOUT');
INSERT INTO targets (id, commercial_id, is_active) VALUES (371, 371, true);
INSERT INTO target_conditions (operator, field_name, field_value, is_inverse, target_id) VALUES ('EQUALS', 'campaign_name', 'BlackDiamondSlots_Android', false, 371);
INSERT INTO commercials (id, amount, date_start, date_end, offer_id, media_source, event_type, type) VALUES (372, 3, '2016-01-01', '2017-01-01', 'com.risingtidegames.blackdiamondslots.beta', 'applovin_int', 'INSTALL', 'PAYOUT');
INSERT INTO targets (id, commercial_id, is_active) VALUES (372, 372, true);
INSERT INTO target_conditions (operator, field_name, field_value, is_inverse, target_id) VALUES ('EQUALS', 'campaign_name', 'test03112015', false, 372);
INSERT INTO commercials (id, amount, date_start, date_end, offer_id, media_source, event_type, type) VALUES (373, 3.25, '2016-01-01', '2017-01-01', 'com.risingtidegames.blackdiamondslots.beta', 'vungle_int', 'INSTALL', 'PAYOUT');
INSERT INTO targets (id, commercial_id, is_active) VALUES (373, 373, true);
INSERT INTO target_conditions (operator, field_name, field_value, is_inverse, target_id) VALUES ('EQUALS', 'campaign_name', 'PUSH - Black Diamond Slots Android T1', false, 373);
INSERT INTO commercials (id, amount, date_start, date_end, offer_id, media_source, event_type, type) VALUES (374, 2.75, '2016-01-01', '2017-01-01', 'com.risingtidegames.blackdiamondslots.beta', 'vungle_int', 'INSTALL', 'PAYOUT');
INSERT INTO targets (id, commercial_id, is_active) VALUES (374, 374, true);
INSERT INTO target_conditions (operator, field_name, field_value, is_inverse, target_id) VALUES ('EQUALS', 'campaign_name', 'Black Diamond Slots Android T1', false, 374);
INSERT INTO commercials (id, amount, date_start, date_end, offer_id, media_source, event_type, type) VALUES (375, 8, '2016-01-01', '2017-01-01', 'id962510268', 'adcolony_int', 'INSTALL', 'PAYOUT');
INSERT INTO targets (id, commercial_id, is_active) VALUES (375, 375, true);
INSERT INTO target_conditions (operator, field_name, field_value, is_inverse, target_id) VALUES ('EQUALS', 'campaign_name', 'AdColony_iOS_AU', false, 375);
INSERT INTO commercials (id, amount, date_start, date_end, offer_id, media_source, event_type, type) VALUES (376, 2, '2016-01-01', '2017-01-01', 'id962510268', 'adcolony_int', 'INSTALL', 'PAYOUT');
INSERT INTO targets (id, commercial_id, is_active) VALUES (376, 376, true);
INSERT INTO target_conditions (operator, field_name, field_value, is_inverse, target_id) VALUES ('EQUALS', 'campaign_name', 'AdColony_iOS_T3 - JP, CH, SG, HK', false, 376);
INSERT INTO commercials (id, amount, date_start, date_end, offer_id, media_source, event_type, type) VALUES (377, 1, '2016-01-01', '2017-01-01', 'id962510268', 'adcolony_int', 'INSTALL', 'PAYOUT');
INSERT INTO targets (id, commercial_id, is_active) VALUES (377, 377, true);
INSERT INTO target_conditions (operator, field_name, field_value, is_inverse, target_id) VALUES ('EQUALS', 'campaign_name', 'AdColony_iOS_T4 - CN, MX, RU, IT, ES', false, 377);
INSERT INTO commercials (id, amount, date_start, date_end, offer_id, media_source, event_type, type) VALUES (378, 6, '2016-01-01', '2017-01-01', 'id962510268', 'adcolony_int', 'INSTALL', 'PAYOUT');
INSERT INTO targets (id, commercial_id, is_active) VALUES (378, 378, true);
INSERT INTO target_conditions (operator, field_name, field_value, is_inverse, target_id) VALUES ('EQUALS', 'campaign_name', 'AdColony_iOS_US Cellular Traffic', false, 378);
INSERT INTO commercials (id, amount, date_start, date_end, offer_id, media_source, event_type, type) VALUES (379, 7.5, '2016-01-01', '2017-01-01', 'id962510268', 'adcolony_int', 'INSTALL', 'PAYOUT');
INSERT INTO targets (id, commercial_id, is_active) VALUES (379, 379, true);
INSERT INTO target_conditions (operator, field_name, field_value, is_inverse, target_id) VALUES ('EQUALS', 'campaign_name', 'AdColony_iOS_US Wifi', false, 379);
INSERT INTO commercials (id, amount, date_start, date_end, offer_id, media_source, event_type, type) VALUES (380, 8.5, '2016-01-01', '2017-01-01', 'id962510268', 'adcolony_int', 'INSTALL', 'PAYOUT');
INSERT INTO targets (id, commercial_id, is_active) VALUES (380, 380, true);
INSERT INTO target_conditions (operator, field_name, field_value, is_inverse, target_id) VALUES ('EQUALS', 'campaign_name', 'AdColony_iOS_US, AU WL', false, 380);
INSERT INTO commercials (id, amount, date_start, date_end, offer_id, media_source, event_type, type) VALUES (381, 6.5, '2016-01-01', '2017-01-01', 'id962510268', 'applifier_int', 'INSTALL', 'PAYOUT');
INSERT INTO targets (id, commercial_id, is_active) VALUES (381, 381, true);
INSERT INTO target_conditions (operator, field_name, field_value, is_inverse, target_id) VALUES ('EQUALS', 'campaign_name', 'Unity_USA_iPhone_RON', false, 381);
INSERT INTO commercials (id, amount, date_start, date_end, offer_id, media_source, event_type, type) VALUES (382, 7, '2016-01-01', '2017-01-01', 'id962510268', 'applifier_int', 'INSTALL', 'PAYOUT');
INSERT INTO targets (id, commercial_id, is_active) VALUES (382, 382, true);
INSERT INTO target_conditions (operator, field_name, field_value, is_inverse, target_id) VALUES ('EQUALS', 'campaign_name', 'Unity_USA_iPad_RON', false, 382);
INSERT INTO commercials (id, amount, date_start, date_end, offer_id, media_source, event_type, type) VALUES (383, 4.5, '2016-01-01', '2017-01-01', 'com.risingtidegames.blackdiamondslots.beta', 'applifier_int', 'INSTALL', 'PAYOUT');
INSERT INTO targets (id, commercial_id, is_active) VALUES (383, 383, true);
INSERT INTO target_conditions (operator, field_name, field_value, is_inverse, target_id) VALUES ('EQUALS', 'campaign_name', 'Unity_AU_Android_RON - A', false, 383);
INSERT INTO commercials (id, amount, date_start, date_end, offer_id, media_source, event_type, type) VALUES (384, 3, '2016-01-01', '2017-01-01', 'com.risingtidegames.blackdiamondslots.beta', 'applifier_int', 'INSTALL', 'PAYOUT');
INSERT INTO targets (id, commercial_id, is_active) VALUES (384, 384, true);
INSERT INTO target_conditions (operator, field_name, field_value, is_inverse, target_id) VALUES ('EQUALS', 'campaign_name', 'Unity_USA_Android_RON - B', false, 384);
INSERT INTO commercials (id, amount, date_start, date_end, offer_id, media_source, event_type, type) VALUES (385, 4.5, '2016-01-01', '2017-01-01', 'com.risingtidegames.blackdiamondslots.beta', 'applifier_int', 'INSTALL', 'PAYOUT');
INSERT INTO targets (id, commercial_id, is_active) VALUES (385, 385, true);
INSERT INTO target_conditions (operator, field_name, field_value, is_inverse, target_id) VALUES ('EQUALS', 'campaign_name', 'Unity_AU_Android_RON - B', false, 385);
INSERT INTO commercials (id, amount, date_start, date_end, offer_id, media_source, event_type, type) VALUES (386, 6, '2016-01-01', '2017-01-01', 'id962510268', 'applifier_int', 'INSTALL', 'PAYOUT');
INSERT INTO targets (id, commercial_id, is_active) VALUES (386, 386, true);
INSERT INTO target_conditions (operator, field_name, field_value, is_inverse, target_id) VALUES ('EQUALS', 'campaign_name', 'Unity_AU_iPad_RON', false, 386);
INSERT INTO commercials (id, amount, date_start, date_end, offer_id, media_source, event_type, type) VALUES (387, 7.5, '2016-01-01', '2017-01-01', 'id962510268', 'applifier_int', 'INSTALL', 'PAYOUT');
INSERT INTO targets (id, commercial_id, is_active) VALUES (387, 387, true);
INSERT INTO target_conditions (operator, field_name, field_value, is_inverse, target_id) VALUES ('EQUALS', 'campaign_name', 'Unity_AU_iPhone_RON', false, 387);
INSERT INTO commercials (id, amount, date_start, date_end, offer_id, media_source, event_type, type) VALUES (388, 4.5, '2016-01-01', '2017-01-01', 'id962510268', 'applovin_int', 'INSTALL', 'PAYOUT');
INSERT INTO targets (id, commercial_id, is_active) VALUES (388, 388, true);
INSERT INTO target_conditions (operator, field_name, field_value, is_inverse, target_id) VALUES ('EQUALS', 'campaign_name', 'Applovin_iPad', false, 388);
INSERT INTO commercials (id, amount, date_start, date_end, offer_id, media_source, event_type, type) VALUES (389, 4.5, '2016-01-01', '2017-01-01', 'id962510268', 'applovin_int', 'INSTALL', 'PAYOUT');
INSERT INTO targets (id, commercial_id, is_active) VALUES (389, 389, true);
INSERT INTO target_conditions (operator, field_name, field_value, is_inverse, target_id) VALUES ('EQUALS', 'campaign_name', 'Applovin_iPhone', false, 389);
INSERT INTO commercials (id, amount, date_start, date_end, offer_id, media_source, event_type, type) VALUES (390, 4.5, '2016-01-01', '2017-01-01', 'id962510268', 'applovin_int', 'INSTALL', 'PAYOUT');
INSERT INTO targets (id, commercial_id, is_active) VALUES (390, 390, true);
INSERT INTO target_conditions (operator, field_name, field_value, is_inverse, target_id) VALUES ('EQUALS', 'campaign_name', 'BlackDiamondSlots_iPad', false, 390);
INSERT INTO commercials (id, amount, date_start, date_end, offer_id, media_source, event_type, type) VALUES (391, 3.5, '2016-01-01', '2017-01-01', 'id962510268', 'applovin_int', 'INSTALL', 'PAYOUT');
INSERT INTO targets (id, commercial_id, is_active) VALUES (391, 391, true);
INSERT INTO target_conditions (operator, field_name, field_value, is_inverse, target_id) VALUES ('EQUALS', 'campaign_name', 'BlackDiamondSlots_iPhone', false, 391);
INSERT INTO commercials (id, amount, date_start, date_end, offer_id, media_source, event_type, type) VALUES (392, 3.5, '2016-01-01', '2017-01-01', 'id962510268', 'applovin_int', 'INSTALL', 'PAYOUT');
INSERT INTO targets (id, commercial_id, is_active) VALUES (392, 392, true);
INSERT INTO target_conditions (operator, field_name, field_value, is_inverse, target_id) VALUES ('EQUALS', 'campaign_name', 'test03112015', false, 392);
INSERT INTO commercials (id, amount, date_start, date_end, offer_id, media_source, event_type, type) VALUES (393, 8.5, '2016-01-01', '2017-01-01', 'id962510268', 'supersonicads_int', 'INSTALL', 'PAYOUT');
INSERT INTO targets (id, commercial_id, is_active) VALUES (393, 393, true);
INSERT INTO target_conditions (operator, field_name, field_value, is_inverse, target_id) VALUES ('EQUALS', 'campaign_name', 'Supersonic_US_AU_iOS_RON', false, 393);
INSERT INTO commercials (id, amount, date_start, date_end, offer_id, media_source, event_type, type) VALUES (394, 5.5, '2016-01-01', '2017-01-01', 'id962510268', 'trackaditor_int', 'INSTALL', 'PAYOUT');
INSERT INTO targets (id, commercial_id, is_active) VALUES (394, 394, true);
INSERT INTO target_conditions (operator, field_name, field_value, is_inverse, target_id) VALUES ('EQUALS', 'campaign_name', 'AditorN_iOS_USA_4b325915-8e21-4856-ae49-49123432d1a4', false, 394);
INSERT INTO commercials (id, amount, date_start, date_end, offer_id, media_source, event_type, type) VALUES (395, 8, '2016-01-01', '2017-01-01', 'id962510268', 'vungle_int', 'INSTALL', 'PAYOUT');
INSERT INTO targets (id, commercial_id, is_active) VALUES (395, 395, true);
INSERT INTO target_conditions (operator, field_name, field_value, is_inverse, target_id) VALUES ('EQUALS', 'campaign_name', 'PUSH - Black Diamond Slots T1', false, 395);
INSERT INTO commercials (id, amount, date_start, date_end, offer_id, media_source, event_type, type) VALUES (396, 7.5, '2016-01-01', '2017-01-01', 'id962510268', 'vungle_int', 'INSTALL', 'PAYOUT');
INSERT INTO targets (id, commercial_id, is_active) VALUES (396, 396, true);
INSERT INTO target_conditions (operator, field_name, field_value, is_inverse, target_id) VALUES ('EQUALS', 'campaign_name', 'Black Diamond Slots T1 iPad', false, 396);
INSERT INTO commercials (id, amount, date_start, date_end, offer_id, media_source, event_type, type) VALUES (397, 4, '2016-01-01', '2017-01-01', 'id962510268', 'vungle_int', 'INSTALL', 'PAYOUT');
INSERT INTO targets (id, commercial_id, is_active) VALUES (397, 397, true);
INSERT INTO target_conditions (operator, field_name, field_value, is_inverse, target_id) VALUES ('EQUALS', 'campaign_name', 'Black Diamond Slots T2', false, 397);
INSERT INTO commercials (id, amount, date_start, date_end, offer_id, media_source, event_type, type) VALUES (398, 6.5, '2016-01-01', '2017-01-01', 'id962510268', 'vungle_int', 'INSTALL', 'PAYOUT');
INSERT INTO targets (id, commercial_id, is_active) VALUES (398, 398, true);
INSERT INTO target_conditions (operator, field_name, field_value, is_inverse, target_id) VALUES ('EQUALS', 'campaign_name', 'Black Diamond Slots T1 iPhone', false, 398);
INSERT INTO commercials (id, amount, date_start, date_end, offer_id, media_source, event_type, type) VALUES (399, 3, '2016-01-01', '2017-01-01', 'com.zynga.vegasdiamondslots', 'adcolony_int', 'INSTALL', 'PAYOUT');
INSERT INTO targets (id, commercial_id, is_active) VALUES (399, 399, true);
INSERT INTO target_conditions (operator, field_name, field_value, is_inverse, target_id) VALUES ('EQUALS', 'campaign_name', 'VDS_AdColony_US_Android_RON', false, 399);
INSERT INTO commercials (id, amount, date_start, date_end, offer_id, media_source, event_type, type) VALUES (400, 3, '2016-01-01', '2017-01-01', 'com.zynga.vegasdiamondslots', 'adcolony_int', 'INSTALL', 'PAYOUT');
INSERT INTO targets (id, commercial_id, is_active) VALUES (400, 400, true);
INSERT INTO target_conditions (operator, field_name, field_value, is_inverse, target_id) VALUES ('EQUALS', 'campaign_name', 'VDS_Adcolony_US_Android_RON', false, 400);
INSERT INTO commercials (id, amount, date_start, date_end, offer_id, media_source, event_type, type) VALUES (401, 3, '2016-01-01', '2017-01-01', 'com.zynga.vegasdiamondslots', 'vungle_int', 'INSTALL', 'PAYOUT');
INSERT INTO targets (id, commercial_id, is_active) VALUES (401, 401, true);
INSERT INTO target_conditions (operator, field_name, field_value, is_inverse, target_id) VALUES ('EQUALS', 'campaign_name', 'VDS_Vungle_US_Android_RON', false, 401);
INSERT INTO commercials (id, amount, date_start, date_end, offer_id, media_source, event_type, type) VALUES (402, 7, '2016-01-01', '2017-01-01', 'id529996767', 'adcolony_int', 'INSTALL', 'PAYOUT');
INSERT INTO targets (id, commercial_id, is_active) VALUES (402, 402, true);
INSERT INTO target_conditions (operator, field_name, field_value, is_inverse, target_id) VALUES ('EQUALS', 'campaign_name', 'BB_Adcolony_USA_iPad', false, 402);
INSERT INTO commercials (id, amount, date_start, date_end, offer_id, media_source, event_type, type) VALUES (403, 6, '2016-01-01', '2017-01-01', 'id529996768', 'adcolony_int', 'INSTALL', 'PAYOUT');
INSERT INTO targets (id, commercial_id, is_active) VALUES (403, 403, true);
INSERT INTO target_conditions (operator, field_name, field_value, is_inverse, target_id) VALUES ('EQUALS', 'campaign_name', 'BB_Adcolony_USA_iPhone', false, 403);
INSERT INTO commercials (id, amount, date_start, date_end, offer_id, media_source, event_type, type) VALUES (404, 3, '2016-01-01', '2017-01-01', 'air.com.buffalo_studios.newflashbingo', 'adcolony_int', 'INSTALL', 'PAYOUT');
INSERT INTO targets (id, commercial_id, is_active) VALUES (404, 404, true);
INSERT INTO target_conditions (operator, field_name, field_value, is_inverse, target_id) VALUES ('EQUALS', 'campaign_name', 'BB_Adcolony_USA_Android', false, 404);
INSERT INTO commercials (id, amount, date_start, date_end, offer_id, media_source, event_type, type) VALUES (405, 7.5, '2016-01-01', '2017-01-01', 'id603097018', 'trackaditor_int', 'INSTALL', 'REVENUE');
INSERT INTO targets (id, commercial_id, is_active) VALUES (405, 405, true);